,Sequence,hemo,sol,nf,Net_Charge,Avg_Hydrophobicity,Isoelectric_Point,Solubility_Rules_Failed,Synthesis_Rules_Failed
0,NTICINNEQSVYGTYNQIKVKSEGKWWQIY,0,1,0,0.9415964329951818,-0.7800000000000005,8.1192289352417,2,3
1,DEDIGGVLCARVQSTPQWRCDYSRASNMSR,0,1,0,-0.08778030379731316,-7.6,6.149944877624511,3,2
2,NDGAYNGDRDSTMQRPKTYWGQIRPYYNQT,0,1,0,0.9843922002280427,-10.840000000000002,8.377553749084473,1,4
3,EWHWIAMNFWIELFPQDVPWKLLRLAKVQT,0,1,0,0.10066896235271539,6.060000000000002,6.857135581970215,3,2
4,GLNEDEDRRQCHRKPVETEALVLVAMASPM,0,1,0,-1.939980651480417,-5.540000000000002,5.007708549499512,2,2
5,HSTKRKSTDNHGGSAATPSNYIYFEQLSQQ,0,1,0,1.1913962898513581,-6.659999999999998,8.445438957214357,3,1
6,TGWGWIEKLRHRFADWRKFIHSVVLKFRRC,0,1,0,6.1470632907652,-4.909999999999999,11.453146934509277,3,2
7,DYETIMKERINGTCGEMYFDWQVDQYICID,0,1,0,-5.085361684349117,-0.2300000000000001,4.0500284194946286,3,2
8,QGRYSWYDYDSYYWEGNCEFPGKDTNPNPA,0,1,0,-3.050715741956279,-4.99,4.10504856109619,1,3
9,DEANYRQAAIRVRQKTCNERPYANVEDGRF,0,1,0,0.9587056292226261,-13.64,8.175123023986817,3,3
10,VDGNIETMQRMFQCCKAGQYSPQDRIVPCC,0,1,0,-0.1789182469093733,-2.879999999999999,6.067642021179199,2,3
11,ERHKSTLLWGWRIVLWTPMTRTDSHNYTQT,0,1,0,2.197012128377746,-4.249999999999999,9.9800443649292,4,2
12,VILREWGMLPDEFMGERWGWMNIWIKPKAN,0,1,0,0.0033357266321947243,3.25,6.226904869079591,2,2
13,GSNLCCAPMTWCLSACEYQTNNPYQCYPSF,0,1,0,-1.2266924986513559,3.6500000000000004,4.0500284194946286,1,2
14,NNKDIEFQWNEEMENWKTFIITNHDLKNGK,0,1,0,-1.9075204435517321,-6.470000000000001,5.007708549499512,2,3
15,ATKLVKADKISNKHYDYDNDSERPQCMDCT,0,1,0,-0.9895068476515827,-10.420000000000003,5.506413841247558,1,1
16,KFVYWIMKTRHNSQEMPGECILYDIFFDHI,0,0,0,-0.8551603289325486,3.26,6.018192100524902,3,2
17,WILWCLLLTQLLTFDRFQCRQLVNSIPVIA,0,0,0,0.9073148730830953,9.47,8.072038078308104,1,2
18,AIDMKLLVQPPFECHISHNYDDNNNFEPIE,0,1,0,-4.842594723528313,0.5200000000000011,4.44000072479248,3,2
19,GTGYTDTKKMRHWKEDGVGTTKLIDHYKKR,0,1,0,4.196402017992832,-11.139999999999999,9.776711082458494,4,3
20,GVKRCQGEMMWCHLCSETHEPGAEQLWPSV,0,1,0,-1.9319738615295434,0.4500000000000006,5.395350456237793,2,2
21,MNCDCWDYDVLKINTEVVIMNSNYFNVCSN,0,1,0,-3.13808434680939,2.7800000000000002,4.0500284194946286,1,2
22,ARQAMIWFCVQRTSKIDGLGKCGPMDIEKP,0,1,0,1.9113350348646487,-0.9699999999999996,8.864032173156737,3,3
23,DNEYCHDKKKNWGGAKSTLFQNNLMQRNFH,0,1,0,2.153158766879804,-9.619999999999997,9.046928977966306,4,2
24,RISRMWVVMKFCAWKIPLYVKSVDKEIEVW,0,1,0,2.949071296003779,2.990000000000001,9.51651668548584,3,2
25,GTGSKRWFKNVEKLYCCGCVPHRGFHRWWD,0,1,0,4.062234745535654,-4.34,9.419362831115723,4,2
26,NAIGETQNSRARRHTVAPKQKMAPVVMCVT,0,1,0,4.04136475204473,-4.8500000000000005,10.916383171081542,3,3
27,PFEGITWYTNEVRDVWKPRIQINRQEVLYY,0,1,0,0.0030906716204264287,-2.8199999999999994,6.66212100982666,2,2
28,DFRYQWFYWNVVGHWQCQFIRWRNCKRKHC,0,1,0,5.060755196858159,-6.71,9.748925209045407,3,2
29,RKHCKTDEDGRRYEAFGNCDIYCPPKFEGK,0,1,0,0.9608778160604577,-12.290000000000004,7.927435493469239,3,3
30,EKTGPEIETKGFAKVDNDTDEKGIMMCYKY,0,1,0,-2.0400404380625923,-4.790000000000001,4.716351890563964,3,2
31,NPQIQAWHGFGNKQEIIIQKPKPLPVKDVW,0,1,0,2.0864391290486726,0.6099999999999999,9.528378868103026,3,3
32,VTFRVCILMGGMKRYHCPIISMPRVSGKKH,0,1,0,6.1045260253604186,0.7699999999999999,10.466587257385253,4,2
33,TNNHHRYGHYEDFNQPQTIKHKHNSKNSTA,0,1,0,2.4865154780864502,-12.47,9.399055290222169,2,1
34,PPLQIHKWFMQRGAQYGWLDYKQPGYPQYE,0,1,0,1.0973472899235754,-1.2899999999999991,8.725360679626462,3,2
35,KDKWKLENYNQPWWQAVENICWRHNWICAF,0,1,0,1.0012911914240976,-2.2899999999999996,8.031422996520995,3,2
36,YCWVFWEIRDGASLDYERFYLTNRTLADNL,0,0,0,-2.0492024770265544,-0.11999999999999922,4.437556648254395,1,3
37,SDYLGILSQRIKAWEMDANRSRKTHIFLPK,0,1,0,3.0936747483799354,-5.190000000000001,9.987845039367677,4,2
38,HFFCSVATASLEVVDLIQYRQKSTCEYEQY,0,1,0,-1.99392085597031,0.9800000000000005,4.833269691467284,2,2
39,AQGHRYLWRWPDWGWNILRHKDASAWDLPW,0,1,0,1.1967619835327585,-1.6599999999999984,8.643550300598147,3,2
40,AKAQLATKFCISHINLTEMIEIPFEKI,0,1,0,0.05695389601686052,5.2799999999999985,6.796033668518065,1,2
41,AWFLEEITWYALEDFDNIVEALSVSINELL,0,1,0,-6.992541647017347,10.25,4.0500284194946286,1,2
42,DLGWCCMVWNMWCFIRGKKPVRCKTWLYSM,0,1,0,3.8191541534937605,3.040000000000001,9.20500545501709,4,2
43,EFEFSMKKKYWRKGDWKCFMSDEVRYICYD,0,1,0,0.9126403468566007,-7.07,8.067267417907715,2,1
44,NIDANFSEFFQMVRQSDVYSGPSDTVVSDT,0,1,0,-4.010388745526858,0.25999999999999973,4.0500284194946286,2,3
45,YRFRKGRYNDYKIYKTYSNNYDDEYVYYGY,0,1,0,1.987259486466288,-10.889999999999999,8.936043357849123,3,1
46,ERWACRHFRSPDMSTPVMDAPYLGRYVKRK,0,1,0,4.053192647381156,-9.61,10.0177583694458,4,2
47,DCFLYIYMYYKPNCYRIKMVNDGLPRGFHF,0,1,0,2.004806459026222,2.0699999999999994,8.730389213562013,4,3
48,NYCPVKHYHIRLGHSHCCFCWHIIDDDCYE,0,1,0,-1.742354500880607,0.6800000000000004,6.165689277648925,3,3
49,LKHNGCHKEVDYEITMCFGRIHQMEEMAEY,0,1,0,-2.787846173993084,-2.3199999999999994,5.369147682189941,2,2
50,ELQAEIYLNLIHMRTTLKIYIKEICQSALH,0,0,0,0.154112957394477,3.58,7.003893852233887,2,2
51,TRYNYVTNPVSGLQTYVIQAKSINCNCSDK,0,1,0,1.9006124809441747,-2.3,8.764879798889162,3,2
52,DIPELRWQKPVDIWERTNGFKRRKAPCHVD,0,1,0,2.0578529609542198,-10.340000000000002,9.193207740783691,4,1
53,HPRCFDAIHPYPMLHKPAKSNARWDLNITT,0,1,0,2.2453497083298233,-2.4899999999999993,9.196237754821777,4,2
54,DYFNSRFLLGNDIMLGLELGVLISQEIKDK,0,1,0,-1.9969521933115089,3.8199999999999994,4.437556648254395,3,2
55,NNEMLHDADGGADTVGVFSSEHEFAFIDDN,0,1,0,-7.807666706183905,1.84,4.0500284194946286,2,4
56,DNEGFESLRWRKHNKCFHKGTIFSTTTMTR,0,1,0,3.1552241083964994,-8.73,9.78096599578857,4,2
57,KNQGDGVWWLKKWSAAGDRGAKRWWAIAGG,0,1,0,3.989718769890586,-1.1199999999999992,10.446795463562012,4,3
58,REGCDGAAWNATTAERLGFLGVEIRPESRF,0,1,0,-1.0459032750112236,-2.4599999999999986,5.006117057800293,3,3
59,IVDISLNPMIGSTYPDPSGPYEPLTTCAND,0,1,0,-4.0445101180022975,5.28,4.0500284194946286,2,3
60,ALLLCHCNWTDCRPETRKDNPFYSVYYSKD,0,1,0,-0.036197949780262695,-5.15,6.776481056213378,3,2
61,RFTPFDKMAQFSEDYSGPDGFAKSEEVCAT,0,1,0,-3.0473594690839687,-1.8499999999999999,4.2962549209594725,3,3
62,YNYFMGVMEEDLKPKIRIMEPTLGRASTIE,0,0,0,-1.0018945493576976,-0.18999999999999972,5.160093879699706,3,2
63,RWYFGIMYIVSLVICMSALEVVYEDKKHLV,0,0,0,0.0465081639394148,9.499999999999998,6.747436332702637,2,2
64,AGQYGHYGLREKCNHQRKFLRLDPALTEKF,0,1,0,3.1529889459768494,-7.570000000000002,9.516323280334472,3,3
65,DTGSCKESDVQDLHGKSSPRLWTEMLVMR,0,1,0,-0.941975773405204,-5.509999999999999,5.517667961120604,3,1
66,NYYCTNQHGSYQRCDNNIENFTKKRCNEN,0,1,0,0.9519166512683633,-13.579999999999998,7.934784889221191,0,3
67,ASHTSKHWTWCGRPPKHWSKSRPRVRYTWE,0,1,0,6.25015891263717,-11.1,11.00670337677002,4,2
68,SELCQHQANFTEKDRRWNMGFCMMCFHRWN,0,1,0,1.0606586617895444,-6.399999999999998,7.750928688049316,2,2
69,DWDLCRVNEGAKDYILLLGKWMWEFKPWRD,0,1,0,-1.0410800900093955,-1.399999999999999,5.050906181335448,3,2
70,GGWHQPCYEGTHRRGRYKQKLTANHTITDQ,0,1,0,3.249729163979344,-10.240000000000002,9.625339317321778,3,1
71,MYYVYVHDEYIIPRHHLNWYRKWSNKYRGW,0,1,0,3.2873976419685476,-3.9599999999999977,9.521093940734861,3,2
72,MRKMWTLPRWLIDSEKEEGFKDWGTEIWNF,0,1,0,-0.9980661759674035,-2.52,5.052270317077636,2,2
73,LYPNQHKFVIGEGSILKDAGRADDTWGWKQ,0,1,0,0.09892903676702547,-1.2699999999999996,6.755734825134279,2,2
74,DNLEMFIPENIKTGIFLWRVDRSWWKFCMP,0,1,0,-0.041517874404462585,2.5,6.207124900817871,3,2
75,DNEKWTCPRFIHKCKNEKYHYWYCDGDMGD,0,1,0,-0.934680438844022,-8.459999999999999,6.050306129455566,3,2
76,SNFRDRQDNINEIIQSTALMEAYRELVTLP,0,1,0,-2.0011070759795038,-4.259999999999999,4.512299919128417,1,2
77,FLDFNWNNSSWEYSQDGQWEKEPTWLWKTS,0,1,0,-3.0017438672086887,-2.469999999999999,4.177575111389159,2,3
78,LMQQAHCIQFKFLNYQPPQKNCETPKNNPD,0,1,0,1.0081150179298686,-5.500000000000001,8.031551933288572,4,2
79,CPEWNKNCISETYYRHWFDFHPWSTELNL,0,1,0,-1.8877007146664637,-1.0999999999999992,5.357382011413574,2,1
80,QRNEGWQREIAIWPMEPRYMFLDLSNLPWD,0,1,0,-2.001433406988394,-2.4899999999999998,4.651157569885254,3,3
81,EPSKYTWINPPGLNGSINADPFELDYNNGF,0,1,0,-2.998991554766354,2.04,4.0500284194946286,2,3
82,NPQKLLSKQIRVIFRTPEICIDDASDVVVE,0,1,0,-1.0535254183959015,-0.829999999999999,5.052440834045409,3,2
83,DFLKRRYRVCSGNAKNIDKQGTAWSTPASC,0,1,0,3.9092278468130623,-7.640000000000001,9.695803260803224,4,2
84,FLDTHQDLHNSMETEMCAFFLINIPSSSFH,0,0,0,-3.750597873997466,5.300000000000001,4.700266456604003,2,2
85,DNHHDNEWAGVISQAQCNNEIGGPEEYVYA,0,1,0,-5.8416990787087535,-0.6000000000000004,4.07208194732666,3,2
86,KHCSDRFMMWLTMKQCNDHLYANFFNRMGL,0,0,0,2.0974530191220975,-2.019999999999999,8.860099601745606,3,2
87,DHRFTRGAQLKSGNLIMFNDKLRAMVGIMA,0,0,0,3.098437353914706,-0.8100000000000006,10.903553962707516,4,2
88,KSVNVSFWRCSRWKNWNGCENMMIDMWLNA,0,1,0,1.9017272717829143,-1.5100000000000016,8.902713203430178,3,2
89,YEVVRQGFREWDDWKLFPHRKHLIDGWGGS,0,1,0,0.19447720280211,-3.830000000000001,6.92767276763916,2,3
90,WTWRLPTGSLPRQQSDFRKMGRSAPGCSSK,0,1,0,4.951660708677531,-8.439999999999998,11.555329322814941,4,2
91,PQNYDNIEIKGGHRGDWKTPRGFRGPSLTL,0,1,0,2.1006232417359656,-6.3199999999999985,9.716304206848143,3,2
92,GLIRRPDWADWSDWPLNWCYKVMTKTTKLF,0,1,0,1.953645892389773,-0.7699999999999987,9.111268424987792,3,2
93,DYNCFTNITNTMLELHAERQQRAPSWPWRW,0,1,0,0.0560561843224725,-4.9499999999999975,6.750960350036622,3,2
94,NPNNPKHLINNNPMYMTYFGTCVEVGMAWI,0,1,0,0.03981626423965168,5.23,6.737773704528809,2,3
95,SFGSVSVAMALCRCITKKKNSHQRWYSEHV,0,1,0,4.1016821458912665,-2.7999999999999994,9.696061134338382,2,2
96,DPKQLPVKAGPRKMNNIPQDNILMRRCLQS,0,1,0,3.9547728596535867,-8.790000000000001,10.295617103576657,4,3
97,DIQTGPVSIEMINDYFLQAPQRQQRPRVAH,0,1,0,0.09967110161805369,-4.259999999999999,6.755336952209473,3,2
98,ATGDESFGKENQPQQWNLRWEQLMNSSRSY,0,1,0,-0.9969916408243082,-8.659999999999998,4.870897102355956,1,2
99,DYKDNWESVHTKLRNQFAAAFCKHWMEYAF,0,1,0,0.15424578401183892,-2.489999999999999,6.914372444152832,2,2
100,CLQWMGEKGIQACYWYDTSLSDFKDEVPSK,0,1,0,-2.085983126994603,-0.13999999999999946,4.437556648254395,3,2
101,LILKWEPQSISMGKWWDNIIMRWSAWRWYD,0,0,0,0.9995483094384805,2.4899999999999998,8.496433448791507,3,2
102,DNTTRIHLSVKWRQHNIDSIWLGRIWLQLA,0,0,0,2.1974126795043594,-1.040000000000001,10.73735446929932,3,2
103,TPRVQAETSKALKAEKNLFWQNFAPTDCFV,0,1,0,0.9512410808926097,-1.3300000000000005,7.84755916595459,2,2
104,YHLRKENRSVNAAKKGTPTQQFDDPPNPVS,0,1,0,2.0930061542343683,-10.130000000000004,9.524639701843263,2,2
105,NESSEKDTITVTIAKAASEQHNFCHSISCG,0,1,0,-1.9002422745184724,-1.05,5.357382011413574,1,3
106,ITGKKNQWWTNKCYAPQRRRGADMPWNWQE,0,1,0,3.9543992605061997,-10.469999999999999,10.025107765197756,4,2
107,QQKLDKEQTGYDHHNHFDDGFSDSDLSDSD,0,1,0,-6.704515046171734,-10.520000000000001,4.3078500747680675,3,2
108,NWFDWLRYTSEMTKKGSSVGIGGLCERLVL,0,1,0,0.9441837645461499,1.84,8.175380897521975,2,3
109,VANGPKMGRTVREKTLLMQMEDSGKTSLSW,0,1,0,2.001411965752994,-4.009999999999998,9.69612560272217,3,2
110,DPVTVPVLMVFPYFWEFYPDTNEYYSFIIE,0,1,0,-4.998124251487366,10.789999999999997,4.0500284194946286,3,3
111,ERSEEEDVQSNLGSEVICHSIYPTESTDHI,0,1,0,-6.837922826401177,-3.6900000000000004,4.161489677429199,3,2
112,RQIFWRKYTWLHNPNKVAWHKHYSIQTVDC,0,1,0,4.241253444473937,-4.049999999999999,9.863614463806151,3,2
113,QKEHCIRPLRTAVFTARAMAYASSRWRSIQ,0,0,0,5.0475318969783975,-6.319999999999996,11.437223243713383,2,3
114,MMAITIDSEQDRHFDRSDGLMGLMFRVVVV,0,0,0,-1.9026332656869727,2.1300000000000003,4.74869327545166,2,3
115,KHKLARWNYRLIRRSHCHYQPHRLYGNPDG,0,1,0,6.337327165366544,-12.48,10.532087135314942,4,3
116,NCSNCNFPHDIYKCKTWRSSLGHSDRDFFF,0,1,0,1.0503245177649714,-4.93,7.960507774353028,3,3
117,NWNTVPHLNHYKGFKWSRIEWQKSMKLAQD,0,1,0,3.1843868891910327,-5.1,9.823321723937987,4,3
118,NGDSTLRGDNEYSFQGGDMRVWQQACIVSR,0,1,0,-1.0558306542988332,-5.399999999999999,4.684465217590332,3,3
119,VSRNTNSFYVDNRIDIRDEFLCIYCYSYFS,0,0,0,-1.0912086266267038,-1.5900000000000005,4.684294700622559,1,2
120,YCWDDTYEAEGAPWEPSQFHREGEIWEAWW,0,1,0,-6.943154610276668,0.24000000000000066,4.0500284194946286,2,1
121,DDERFCVNTFQYQIFMKKIKRIKELEFQRS,0,1,0,1.9590856589613825,-8.94,9.044672584533693,3,2
122,WEVTKSSITFHNNNYNDESEELSPDSSPIY,0,1,0,-4.898542923783537,-3.3000000000000007,4.075549125671387,2,2
123,IPECDYHHRHWNKPCWTFESYHQGEYFNCE,0,1,0,-2.7357596029001208,-4.38,5.679488563537597,3,2
124,WNRPCRTRQKKRECTLFDLNLVNKIAFGGV,0,1,0,4.908595924481624,-7.359999999999998,10.310638236999509,3,2
125,NDSEYYSKQGHNFTKHDCTYGKWHCGHDEW,0,1,0,-1.7056545191926746,-7.540000000000003,6.004778099060058,2,2
126,KNGDEKQTAFVPRDQQHREQDRTPPDPHYR,0,1,0,0.19180336653524555,-19.169999999999998,6.929264259338378,3,2
127,VNMPLDQGKDKDQEIISIFKKYYYNFILPF,0,1,0,-0.001639335663235865,1.5499999999999985,6.1309606552124025,2,2
128,NRHPADENEHLACCYEKWKYADNFKVTKMV,0,1,0,0.09845220324172033,-6.800000000000003,6.908120155334472,1,3
129,VLEPPKPAFLFVFTLKIQTHAQIAEAGSGF,0,1,0,0.09965277544090012,9.8,6.7266332626342775,2,1
130,EDWKFTLNIYAWPTNCYLVVENIKCYAKCC,0,1,0,-0.1796258596235355,3.83,6.233896064758301,2,2
131,PWNHGTDGGEMSKTRMQMRQFSDDRREQAD,0,1,0,-0.8951551604391613,-14.79,5.623615837097168,3,2
132,ERHTHDAGVGGVMKKIHSARLLHCKCGLVG,0,1,0,3.3057800884921,-0.3699999999999992,9.39209270477295,4,2
133,TECRQRHKYDIKEGNKVKDVRFKIKSTNEG,0,1,0,4.051210769709322,-16.08,9.652609443664552,3,1
134,EMDWWPSWKRCYCSSWYDFHTTSKRYKHPV,0,1,0,2.1063254310002075,-5.97,8.772873878479004,4,2
135,AELERCFTDALKIHKEQSEEWNPRYWWNKM,0,1,0,-0.9396328376854275,-7.5299999999999985,5.648795509338378,1,1
136,CPWLWAIRFTWRKGHRRLTNPYRQANRQAN,0,1,0,7.052941764798208,-10.969999999999999,11.999967765808105,3,2
137,NKTITVRWQSDARGRPGFGHYQIARNAFFF,0,1,0,4.084269584047794,-3.3700000000000006,11.553846549987792,3,3
138,ELLPTIVPLVARLSCNDIREEQRKCSSQDK,0,1,0,-0.08504633634022851,-7.079999999999999,6.355417823791503,3,2
139,NTDFDGCITATCGARTDFVGRPEITQQAFI,0,1,0,-2.099652320865443,1.5599999999999996,4.225945091247559,2,4
140,IIDDNNNFWEKYEQNKLLFPQSYSKQSLND,0,1,0,-1.9985379500186542,-5.8999999999999995,4.585679054260253,2,2
141,YGWVNCRFTDCFHWMEEMQKEIVRGGKKEE,0,1,0,-0.9899850149701586,-5.14,5.72024211883545,3,2
142,EKHHPTLQEYHSFLEESFFEVNMDDVINHG,0,1,0,-5.597547972443707,-0.6900000000000013,4.707939720153808,3,1
143,WVDCHLVDIYFERGIGEWHKPRGDRHMGRH,0,1,0,0.3512146727479739,-5.379999999999999,7.090857505798339,3,1
144,FNFVIICFKETVNLKLKRIEKIVEIDVQTI,0,0,0,0.9533781956961869,4.420000000000001,8.155524635314944,1,2
145,RRCTETNKRYKGYEGMREDRKAISNWIIL,0,1,0,3.9501471457398147,-13.070000000000002,9.856587409973145,4,2
146,KDQSPHHGYPNNGFLEHKENTGFSEDLAQD,0,1,0,-3.708321494500896,-6.510000000000001,4.977981758117674,3,1
147,NSWHYDWPQEGRNRWIEGHPWAEVWWATIG,0,1,0,-1.811407983171049,0.26,5.357666206359863,2,3
148,RSNHTVSLKKGRVKIVNHHDFNYQSYHRKK,0,1,0,7.384432510797039,-13.500000000000002,10.708601570129392,3,1
149,ARAIQATSDFAVEIFCKFKENKYHLLQHEV,0,1,0,0.1556352372822284,-0.01999999999999935,6.9572858810424805,1,2
150,NDCDNFDDFSDGPAEVFPMYKQWTWGSRNP,0,1,0,-4.0545433819329935,-3.4699999999999998,4.0500284194946286,2,4
151,LKGEVPTLWCFPLSNTTSCSHYCSSSRALM,0,1,0,0.9630353468556887,3.25,7.959282875061035,2,2
152,KHSESVPRGIDIVIYGAGGTTSIVKHDPDK,0,1,0,0.18915245596462826,-0.10999999999999988,6.92272777557373,3,2
153,NFFWEDPTWNPFEQLQNNKSNPLIGFEWVW,0,1,0,-3.008337332204077,2.97,4.0500284194946286,2,4
154,YDSGYYFRYYLTDFYRLEAFDCIAAIDEAI,0,0,0,-4.051026496848714,4.2700000000000005,4.0500284194946286,1,2
155,LVTSENLFYPKDIDTLYLQKCYTRFNEFMH,0,1,0,-0.9462501190910756,0.15000000000000013,5.483848762512206,2,2
156,DKEEVRYKLHEPKRFPKREHTNDCFVEKAQ,0,1,0,1.1600986645255023,-16.060000000000006,8.137473487854006,4,1
157,RGKLLTQHYPTVKGRKNQNEFFEEWSFPFL,0,1,0,2.0937802625764768,-4.43,9.524639701843263,4,2
158,VLVMGRLRRTLWEVWLGASRVMCETCLFSR,0,1,0,2.9117883688214286,1.2800000000000016,10.297744560241696,4,2
159,NHDNHHMTWHRICMPAIVPTPAGKRIVEKL,0,1,0,2.3385117395319823,-1.1399999999999992,9.31228084564209,3,3
160,DDYEPRIPQVLKNQMAEWIVVWAGTQSFVL,0,1,0,-1.9975061773643854,4.000000000000002,4.316716957092285,3,2
161,MPWNPWIDVAHVCMETWTDSTYFVMHRRRK,0,1,0,1.1490302466834696,-1.9700000000000015,7.998608589172362,4,2
162,GKWEDLQITNGKWYWGGKIRVEERHCYRNT,0,1,0,2.055518778270125,-8.06,9.045123863220216,3,2
163,IGFATGVKKHYVCKCDNKREGWKWDTNTAS,0,1,0,3.008935876634763,-4.989999999999999,9.189661979675293,3,2
164,SLMSPYHGATDGEGYNVFHERDGLTQAPIM,0,1,0,-2.806090366619065,2.27,4.72192211151123,2,3
165,MAGNWQHWAEGEYQFHLGQRESEGISSEDF,0,1,0,-4.799749261781558,-1.2999999999999998,4.406011009216309,2,2
166,EPTIWKERYRDWLYKGVLKKEGTAVLYTNH,0,1,0,2.099529172479266,-4.689999999999998,9.23466091156006,4,2
167,PHHSSACVKKQHKSAQVTQEIEFMNMSGPF,0,1,0,1.2545754198416397,-1.8299999999999992,8.578695106506348,3,2
168,GVEPPQQEGCKDHDKRIPYCPLECQVGLRI,0,1,0,-1.032128196691581,-4.9399999999999995,5.557966804504394,2,2
169,AQENNTPSQKRICFRLWRGRCNRFQCCPSV,0,1,0,4.820845688825979,-10.979999999999999,9.881214332580566,3,2
170,RWCECNWDHAYQCCQKMAPPPTLAWLPATA,0,1,0,-0.08745351916102173,1.540000000000001,6.71668643951416,3,3
171,EKSCPIFSNYFDKMTCDMNYEDNMDGGTVI,0,1,0,-4.087056757788525,-0.5600000000000005,4.0500284194946286,3,3
172,YREHMVEIRYHIQIHFLICRQDDWGFEFQK,0,0,0,-0.7510312664396164,-2.8899999999999992,6.2797651290893555,2,1
173,TIFCNIIMATPMDTNDLKHRRKFLAYRLDI,0,0,0,2.047258962863819,-1.1300000000000017,9.182892799377441,2,2
174,IIYFFHRCKIVYYNCGDWNHSGYEWRHIVR,0,0,0,2.2039276334759017,0.589999999999999,8.78911991119385,4,2
175,EGDEYWHDGGDDLSHWSGPPDDSGCDDYCN,0,1,0,-9.886222897455,-4.38,4.0500284194946286,3,3
176,DPMNDGHMTTRKREIKMPFAAVVKIQVKVP,0,1,0,3.0998793736772146,-3.460000000000001,9.993002510070802,4,3
177,ATIIRRNAGEFIRALCIQVTVDCVRMGKLL,0,1,0,2.9109419460292827,2.1800000000000015,9.688969612121582,3,2
178,DLRSTQMVAIPIPEQTWTYPTKGRQESVGW,0,1,0,0.0017676794048665512,-1.609999999999999,6.181319999694824,3,2
179,NRQLYRFYNQMLYHKRTKLLHKRTERAQKA,0,0,0,8.18195847862214,-16.31,11.080519676208493,2,3
180,CCDGWEFYPDNVQLTKQSTSENSRWGKRSP,0,1,0,-0.0857064553046879,-8.43,6.199394798278808,2,3
181,GGNWGYKFKWHDRPSHWKNKDMCNINSNGA,0,1,0,3.150404595556412,-6.540000000000002,9.517999458312985,3,2
182,VEFPAWYVSVGRYRLPRNMAVRGMDDWIYA,0,1,0,0.9982872428020934,1.0700000000000016,8.465617561340334,2,2
183,GSKIMHDLESDYVDDDYYNHELSTPAPPAE,0,1,0,-6.798632234450497,-2.3099999999999996,4.14614315032959,3,2
184,EQRPLTKWVKRIWWGKQIFFESELHEDLND,0,1,0,-0.8952527002306101,-4.999999999999998,5.675111961364746,3,1
185,VEKCVKLKVQQSFAINLLNSKHNKYHHTPL,0,1,0,4.249499754095369,-2.5499999999999994,9.749054145812984,2,2
186,DEKQGDSMKGSPILIKQAGVAACSWRKNGK,0,1,0,2.9562292131227044,-5.049999999999999,9.517806053161618,4,2
187,PQMLFKDDNKHYHRNNNGKPTQPELRIHRR,0,1,0,4.298076000194436,-16.8,10.423844718933104,4,2
188,FESDIPFMSSWTINPANDSSDDEFEFTDSN,0,1,0,-7.998403155632264,-0.4100000000000012,4.0500284194946286,2,2
189,ETNVLNVDPFFNASIMEPDIGLFSETEAIV,0,1,0,-5.993564194386032,8.11,4.0500284194946286,3,3
190,PWYCGGYGGNEYHHYLHNTWELSGVTEKKS,0,1,0,-0.7468795025205757,0.23000000000000015,6.301704978942872,2,2
191,TIKCKMPDPAIVTYYIRKEGDWFYYKDHDG,0,1,0,0.046888036650964526,-2.3599999999999994,6.425841331481934,2,3
192,MICTITTPTDMKPEQHSYMQKHRRKSSKYQ,0,1,0,4.146972423580623,-11.059999999999997,9.744928169250485,3,2
193,CDIYGKGLNFHWWEFHGKKRNYNGNEQCHP,0,1,0,1.208999888168396,-5.000000000000001,8.038450050354005,3,2
194,KDWHSGDDIVCGNCGDVNNGGAAFESCTSD,0,1,0,-5.04108821786988,-0.019999999999999907,4.0500284194946286,3,2
195,ERNLVTDDFMESIENSGKVCNNTMFKGKTM,0,1,0,-1.0405144402185447,-4.530000000000001,4.9394449234008775,3,2
196,KMEVQPWWAAEIVRCWATRPQHRKCITNPT,0,1,0,3.001609121568914,-4.309999999999999,9.500464057922365,4,2
197,KMRDVFLSRDESEAYHRNRNCQIYYVNLAI,0,0,0,1.0453283067813763,-7.670000000000001,8.16377658843994,3,2
198,HIWKLPHVYEVWKHNRDHVVRWGHKYYMYC,0,1,0,3.441276336388789,-2.219999999999999,9.363468742370607,4,2
199,HPEPKSVFQCDYIDGMKHHECADVHGKAHW,0,1,0,-1.5976075027504746,-2.2499999999999996,6.161937904357909,3,3
200,NNNYDEDYDSVDLSDFTNLFMEKFKKPAQQ,0,1,0,-4.009251143567692,-7.040000000000001,4.090156745910644,1,3
201,YHQRFKPWVFSADSCNKVEKPNGDDPTCGI,0,1,0,0.004373048637333843,-4.180000000000001,6.73800106048584,2,3
202,RLWLVQVMYRVQRAAEHINHLSKTWDRMRH,0,0,0,4.288878344635041,-7.5,11.435482597351076,3,2
203,PDNRWYRQWFMQPKEVFLPKLNTNRKVLES,0,1,0,3.002692437045812,-8.139999999999999,9.996999549865723,3,2
204,KKEWNSDNVIPRLGAENRWRKGIGVTYFYH,0,1,0,3.0898010194556624,-5.949999999999996,9.818615531921385,4,2
205,AGDGCEKTMMVQVAGNEDLKQQVMKRNFTK,0,1,0,0.9576401866778749,-5.64,8.197751426696776,3,3
206,NTILMTLRHQGIQVQTAGRYHHVRVVPRPP,0,1,0,4.281337180475917,-2.7599999999999985,11.999967765808105,3,3
207,PAEDPRQCGRSWCTHTFAQEFPVMGDMFMT,0,1,0,-1.9857708713400897,-0.2499999999999976,4.751989936828613,2,3
208,DEFTCHWMIELGRNCEKVGVFQWTEAFEQL,0,1,0,-3.9826081543064347,2.0400000000000005,4.413570594787598,3,2
209,IDSVYTRPMIGFDPISRTYISTIYDRSCCR,0,0,0,0.9081700787895367,-1.7999999999999998,8.032712364196776,3,3
210,PANERYYYDLTPKHKKHHCHKYPKPVYENW,0,1,0,3.3495500374077625,-9.98,9.240463066101071,3,1
211,ECERWLTTVAALVWILKIYNQYTCKNDNMT,0,1,0,-0.0892120557058369,1.400000000000001,6.255324363708497,2,2
212,NATYCSQRGISWKMIREHEKKTKVLFEQPM,0,1,0,3.0437199833074966,-6.669999999999998,9.516645622253417,3,3
213,EGFLSPCCTVDMMVEEDEDYSDCCDAIVVL,0,1,0,-9.170974895867015,5.0600000000000005,4.0500284194946286,3,2
214,FWGHYLNNCFIRVDWLGRICMYSVKKKHKQ,0,1,0,5.0992834028201255,-1.6100000000000003,9.785801124572753,3,2
215,RSPFCNASDNGWIFCRNAFGHRVEGDTVGN,0,1,0,0.003631951482449436,-2.2799999999999994,6.738228416442872,3,2
216,FYWKEMEESCGHRIKIHRDIGWEGFFRYEG,0,1,0,-0.8468293896841252,-3.470000000000001,6.062697029113769,2,1
217,AERWRENKKCNTWYQLGNFQNDRGGENIVG,0,1,0,0.9581654122492028,-9.939999999999996,8.218252372741702,2,2
218,ADLMLEECFDTFSPYYETIIDTHDGYYPGW,0,1,0,-6.943064570990279,5.3100000000000005,4.0500284194946286,2,3
219,TCKSWVGKVLEMDRAKVNNCEAEMKDWETS,0,1,0,-1.0893351008532113,-5.81,5.049257850646971,1,1
220,EREYCDPDKSWWGFFDGGEKKWSDKDRQRD,0,1,0,-2.038644737326318,-15.499999999999998,4.85208339691162,3,3
221,TSAVPVAVLSEPRQQQQAAEDRQPSCEFSQ,0,1,0,-2.0465067451875605,-5.429999999999996,4.406067848205566,1,2
222,DIRKNNRNHDYCFRFHLLVSFYIPWTFLPH,0,0,0,2.2498262423274773,-1.0200000000000016,9.195141792297363,4,2
223,NEDDRYQNSAYVLYENNSQAYTTHEHIKIT,0,1,0,-2.813373378709892,-6.999999999999998,4.8650426864624015,0,2
224,SCTRVKLWNFSNEHMCWWEWWKPVHYMLLE,0,1,0,0.1053924527959641,2.3000000000000007,6.672863578796388,2,2
225,GDWSTIVMKKFWKENCVCNKRYHWESEFLR,0,1,0,2.0114989744384215,-5.18,8.78783054351807,3,2
226,FCKERWCFMREGDKKETAWKGQRGQIEENE,0,1,0,-0.08599398826410387,-12.799999999999997,6.4350492477416985,3,1
227,RTWRYGPNLKWTLKTEGADVSEGPRFKERI,0,1,0,2.9956843806301743,-8.899999999999999,9.984815025329592,4,2
228,KTRNFGRNTSYIKCWTHLLSQMTSLYPQPK,0,1,0,5.04085519285254,-5.23,10.187954902648926,4,2
229,IFYCYICVCTDEFDDNRIPHTRPPPSFDHL,0,1,0,-2.93552290044182,0.4599999999999993,4.725048255920409,2,3
230,RWADPRKCTWASWNNISKQIPNELVLQYWT,0,1,0,1.9476391510591038,-2.9699999999999993,9.194948387145995,4,3
231,GDNNSLGREGMELMYRTLISLLQEPAAWRD,0,1,0,-1.9965804469475081,-2.5999999999999988,4.651157569885254,3,2
232,FKKKEKQSWWPDGWNWRRRNPPWCPGIDAR,0,1,0,4.9505338105497225,-12.28,10.437383079528807,4,3
233,TTTIAVLTNDFEFSNLANQNNPDFNESPDI,0,1,0,-5.002135795609392,0.7399999999999989,4.0500284194946286,1,1
234,DSMDMCTDIGPQTDCYNNPGQLSPNPHNRR,0,1,0,-1.9900117215317619,-8.34,4.5576574325561525,2,2
235,DTQMDEGESYPHDTTNIEGSKVHRSRDKDN,0,1,0,-3.796110881251794,-14.239999999999998,4.6889554977416985,3,1
236,KNEITTFQNENLMFMEFYCIHPKLYCIMDN,0,1,0,-1.9976149236450458,2.379999999999999,4.833269691467284,2,2
237,KMMEYRFVVHWHRWWHCHQYETCIVESSMC,0,1,0,0.253567357608149,-0.08999999999999891,7.069088172912598,2,1
238,SFIEIDKDDDQKNPLYKDNRHFRCTDHIFH,0,1,0,-1.7504919902974034,-10.100000000000005,5.748491096496582,2,1
239,VSVAMLIFIMTTKQRYSYCSHHKGDKPGRQ,0,1,0,4.14909452732096,-2.6399999999999992,9.863356590270996,3,2
240,NNSFVWTKFPGNFREYWWNHKKVIFKADPC,0,1,0,3.0408830349920857,-1.2999999999999998,9.517934989929199,3,4
241,NNGCKGEITQDKFWNTLDTQVQFWPEQSDD,0,1,0,-4.0527980696528285,-5.26,4.1014108657836905,3,3
242,DWVFSSDTNPQPPDEPARQWYEPSEMHTPW,0,1,0,-4.896030737894361,-4.029999999999999,4.0500284194946286,3,2
243,TWSWHVWRNLECRSTYDGCVVWTERMRGPQ,0,1,0,1.0049907567543512,-4.939999999999999,7.771447563171387,3,3
244,VIMCGSWRTKNRLYFKAYIYNFRWKPQLQP,0,1,0,5.949885529924806,-2.57,10.298066902160642,3,2
245,GDNAEILTKKWPPGHEREAITRVMHEFYND,0,1,0,-1.7974999805674254,-5.040000000000001,5.49442081451416,3,1
246,PNYCTDDGDWWIDWDGWVPVQWHATKMWFR,0,1,0,-2.943502995758856,1.9400000000000008,4.276815986633301,3,3
247,NLWGHHKGPHRHHCYCRCRQEHNYYLLERW,0,1,0,3.4454276428162474,-10.379999999999997,9.06446437835693,3,3
248,SHDRLFHDTADWCDFVYVVMYFSDCPYLPL,0,1,0,-3.89768245656738,5.420000000000002,4.269881629943849,2,2
249,GVKKLYSRKHLTEELEGEGINFGRCVCHCD,0,1,0,0.0675634250733328,-4.27,6.90766544342041,3,2
250,DCITSIVSNWCQFEWMTYPMNVPTCIWIPY,0,1,0,-2.13474774743585,9.77,4.0500284194946286,3,2
251,VWDPINEKSMIRRFDARKNQKLQWCPHEPI,0,1,0,2.0562611478897765,-8.21,9.192498588562014,3,3
252,NDRFGDKCPLDFGDDLCAGAGIFYQPKKHF,0,1,0,-1.002516164087576,-1.0599999999999987,5.412231636047363,2,3
253,KCDHGIFGLFLPESVDWIRGATGFAVEYLK,0,1,0,-0.9531308583608993,6.869999999999999,5.483905601501465,3,2
254,PDPTPTIMKRFVHSSQISHEFPRQSIWYLT,0,1,0,1.1988977150738642,-0.7199999999999998,9.006120491027833,3,3
255,KKLNNFEEQELLFTNTATESKYKVMMSQQL,0,1,0,-0.005471322794934119,-4.5,6.289086723327637,2,2
256,SRKQTWQSVELTEFDQWGMQPRWCMCPFWW,0,1,0,-0.09226734271714254,-1.6499999999999955,5.899682807922363,2,2
257,YIMIMTEMVLTKKIKSERFWYLDFINFQVE,0,0,0,-0.0038285155145786343,4.559999999999999,6.34848346710205,2,2
258,VFAVEPENIINDTDNCRFNCSVIQHLKDDP,0,1,0,-3.986656742268841,-1.4500000000000002,4.228389167785645,2,3
259,PSNLTTLHDDDTRKCQCWFISNVIRDDNHY,0,1,0,-1.88937558773694,-6.640000000000001,5.25092258453369,1,2
260,IEISVVYEVDMDDVCYTNTEIDGASTGATE,0,1,0,-8.038457652842384,4.21,4.0500284194946286,3,3
261,NIFHLVSMEDAFLVCIDYWKAMMGSMDEMN,0,0,0,-3.955398901174537,7.700000000000002,4.100842475891112,1,3
262,TGWDWKCDLMMFEAKWHWKPFHLGGTGTFN,0,1,0,0.14780910138727532,4.39,6.6148878097534185,2,2
263,VEATPIMFFYCWVNCSDSHNWKRPIKPEKL,0,1,0,1.0100099353676373,0.6599999999999986,8.00518436431885,3,2
264,WIEKRCPRCRVEKYWATKRLGHASHKYHDL,0,1,0,5.204949592341416,-10.79,9.782706642150877,3,1
265,FGLVVEQDNHCNCYSQADFDSERTITDTTL,0,1,0,-4.992297326318529,-1.8499999999999992,4.0500284194946286,1,2
266,EKGKKHKWGNQHNWKKNKHCRVTVPQKTAV,0,1,0,8.250118068583864,-13.760000000000002,10.47851390838623,4,2
267,LKENMNYQCWHWWETEKEGWVQNWRPKIGY,0,1,0,0.056549804632388845,-4.379999999999999,6.75982723236084,2,2
268,NRKNCVHWNIEEQNIAGILTLSGAPPRKWY,0,1,0,2.0422659644209613,-2.1900000000000004,9.195399665832518,3,3
269,VMRFHYDCTFDAWEYIEGGGWCDPGDELGI,0,1,0,-5.986407157373316,4.98,4.0500284194946286,2,3
270,KKHHFASVDKCDKNYKHEAPKHSNDGNDSP,0,1,0,1.342330683941621,-13.040000000000001,8.137537956237793,4,2
271,TSAEQYDDCSDGDDYFWLEWRDATVLRPND,0,1,0,-7.045641715503576,-6.27,4.0500284194946286,3,2
272,DIDLKVKLPFIANDTVTSQLLFGPICIEST,0,1,0,-2.0425295791616973,7.3500000000000005,4.225945091247559,3,2
273,RDPKEKWMWPACLSLICWNVDLIPMNVATQ,0,1,0,-0.09549458652874998,3.28,6.107031440734862,3,3
274,MLRIGKDAVHLRQKWDFQLWQKDFNTGPIW,0,1,0,2.094387642429937,-1.8699999999999997,9.69399814605713,3,2
275,IVVYYDINNYETGATEYVILTYFCPLMTFN,0,0,0,-3.0467358923370043,10.409999999999998,4.0500284194946286,2,2
276,VLCACLIANFGPALELTFPLTCYYGGDDID,0,1,0,-4.134185288962722,12.129999999999997,4.0500284194946286,3,2
277,RNDNQNHETTMDGVITLLPGQTPADYKSNG,0,1,0,-1.9072716586087748,-5.289999999999999,4.658717155456543,2,3
278,HYLHIYGMMKMNVDAKMLLPSLVKSAMAED,0,1,0,0.1919588696440615,4.980000000000001,6.924660301208497,3,2
279,EKRDCGDEYYKRRWMTICIVCFGICIWKMK,0,1,0,2.8217863843110997,-3.5900000000000016,8.852879142761232,4,2
280,DMIYFDKVRMKDLLYELMPKFTVNPARIRS,0,0,0,2.0002545748670966,-2.7599999999999993,9.400602531433105,4,2
281,HEEYNCPDHKYKPENGNFRPGLPMMFGFWR,0,1,0,0.1502597146709299,-4.869999999999999,6.917725944519043,3,2
282,NKHHENGDDGYKHQPWTVWHILHQKRDIIL,0,1,0,0.48244698521778573,-5.480000000000002,7.155710792541504,2,4
283,HQLSHFWCSPFIIVYWEDRCWGKENHKPWG,0,1,0,0.2034750652227295,1.4599999999999986,7.00537166595459,3,2
284,KTSDGNTDVQEANVARFPAIFGFVDTNTDN,0,1,0,-3.006579914826119,-1.5899999999999996,4.0500284194946286,3,2
285,KDGGCKQWNIRHQTDNYCIFLTVPTLPIVN,0,1,0,0.9986307225681164,0.5400000000000003,8.042704963684084,3,3
286,PDYDDPCSGETFPFFCWCVDITDIESDYQT,0,1,0,-8.128066111296228,2.2099999999999995,4.0500284194946286,2,3
287,NADDFCMYMKTMVKTAIQCWLLIAKRVWMW,0,0,0,1.8965161574062237,5.360000000000001,8.820838356018069,2,3
288,FGDSKRLAEDWAYFLVERGWVCWFRIGLKT,0,1,0,0.95181400506726,1.8500000000000008,8.175316429138185,2,2
289,LQSPYIQNRVLTLESPHQTYMHKKDIRQIA,0,0,0,2.1956099000455693,-4.719999999999999,9.52476863861084,3,2
290,DKYCPVYCDMCFVVEVCVMCKKYHQRATVG,0,1,0,0.8740881550357698,1.53,7.811843681335449,3,2
291,YCWECFWDCRKKLRNCWNYHRLNDIFGPYY,0,1,0,1.9118793483460996,-4.759999999999999,8.477092933654788,3,2
292,LTAQPKVDYEATCYMIDFLMAQFNTMARRW,0,0,0,-0.04581177422289795,1.3699999999999997,6.113283729553221,1,2
293,YYDECTKWLWHWNNGWFMGDQVYYKCMRIR,0,1,0,1.0012486205743134,-1.649999999999999,8.009181404113772,4,2
294,DENDFPIFVIFVTTKNCRFRPRFFLRHITV,0,0,0,2.0556868260869714,-0.15999999999999903,9.497305107116702,4,2
295,EFPRRDPYYYNHKEQGGSGEHHNPEQWRYE,0,1,0,-1.6996526206215692,-13.49,5.845344734191894,3,3
296,QVYQIPLWMETSIAQDDFMDNMYMDPFNEL,0,0,0,-6.002590581371329,3.6700000000000004,4.0500284194946286,2,4
297,VTGKWKMALSRTEIHAKKQSWDIGTKFCQH,0,1,0,4.152241296406724,-3.8399999999999985,9.86574192047119,4,1
298,FTWLMERVHPIFGWIHINWDFMEVFKARKM,0,0,0,1.194230068293607,5.619999999999998,8.60345096588135,3,2
299,AAKSWTWNQRSVAEHTCLDMVYVESMRGSG,0,1,0,0.055368926393296714,-1.219999999999999,6.792452812194824,2,2
300,GDNWECLRYCQTRKRRCPTPLYVYPGIQCF,0,1,0,2.8185395223406498,-6.000000000000002,8.889948463439943,3,2
301,SKKCYHPMTITRIRALRLWWRHTKDKRWGY,0,1,0,8.144286897375336,-10.699999999999998,11.047834205627442,3,2
302,NPRTEYDTLRGNLIHCNRFWYYKKYRPRMI,0,1,0,5.038660636122983,-10.560000000000002,10.011891746520995,3,2
303,EWLAQLPARQQNRPVVRWHSNWGPYKLETR,0,1,0,3.099218992145296,-7.73,10.834830665588381,4,2
304,NTAKRKHGRFKRIRHKDVRYWIMEVLIFYG,0,1,0,7.183532804372985,-8.629999999999995,11.04370822906494,3,3
305,HQSHKVENCHSRNDYWNYIRHCIVHIFFCR,0,1,0,2.3539408064817837,-5.400000000000001,8.660827827453613,3,2
306,EASPHKSDRCERKNGHDAMTMEAVEAVAVE,0,1,0,-2.839182575876989,-7.040000000000002,5.150999641418456,3,1
307,IMRKIQDYEFHIEQSIHIYNQCQVMMCMRG,0,0,0,0.10860081135276622,-0.7900000000000005,6.90533504486084,1,2
308,INDVFCIEMKLIIMESDGVRLVPFGKMMAD,0,0,0,-2.041361787542754,7.139999999999997,4.585679054260253,3,3
309,MFMSEDEAMYFMWEKHQFKQANTHGVYSSR,0,1,0,-0.8044662008330693,-2.26,5.988806343078613,2,2
310,YYKSYHMHNKEAQLIIGAEELVIKRAGKSR,0,1,0,3.192057337418472,-4.489999999999999,9.602195167541506,4,2
311,WDEWCRYELFCRFQLFGNESFRDRIRKHCY,0,1,0,0.9656148688540122,-8.63,7.951224327087402,1,2
312,MNYTWCDTWYEIPSELVCRLDWQVDPQPYW,0,1,0,-4.092303768921095,1.7900000000000007,4.0500284194946286,2,3
313,NQLSMISISMTSMPTSQQNQLSYMYYIMTD,0,0,0,-1.0160634736025342,3.27,4.299381065368652,1,3
314,WYDRYMACMNIVALATVTFSNNRMKTRGH,0,0,0,3.0489299886382364,-1.3899999999999997,9.780901527404783,3,2
315,TPCQNPVKQQEYDPVGTYYDENISGFGPNV,0,1,0,-3.050258629506908,-1.1500000000000004,4.0500284194946286,1,3
316,ADSDWNPGHAVTYIDMALERRCRLQDHVHD,0,1,0,-2.745734939655927,-5.7700000000000005,5.30810260772705,3,2
317,YWYKENGEKLDKCKWWVYHNPGYIPQGTNL,0,1,0,1.0466737716238725,-1.9999999999999987,8.097116279602051,3,2
318,NAVNFPKMFDNMPIGVQMEQGNDKTLLRDY,0,1,0,-1.0114637739335468,-1.7999999999999992,4.684465217590332,2,3
319,HEMKKSGDTKYNDHIPHNKSGGTDPVCFWM,0,1,0,0.2475074538978716,-4.69,7.012703895568847,3,3
320,RRPNASKNQNCTHKRYATDQRQWDHCIPMQ,0,1,0,4.099496284363043,-16.590000000000003,9.841372871398924,4,2
321,SPAEDVDSRRGRYEWPPHFTFSHHDDEQTS,0,1,0,-3.7032132947182093,-10.290000000000001,4.928872871398924,2,1
322,CEQMDTNTKRWRWVWKLHQPTAWADENCLD,0,1,0,-0.9853164284158711,-7.029999999999999,5.5902513504028315,2,2
323,HPRGKQTQYKKKMFEHGRMQPWGEKTKEHS,0,1,0,5.293235705734402,-15.09,10.119038200378416,4,2
324,VMNLIQIVQTAVLIQTVMLTMAMLCTLTLM,0,0,0,-0.047057547418143775,15.97,5.488964271545409,1,2
325,DEVMMIMTVKTRKPRGDQPTEKMTEQEFDY,0,1,0,-1.993566700534122,-8.85,4.716181373596191,3,2
326,PDDPWRKKEYPECKQRHDCDNTRRSWIKMT,0,1,0,2.014171296060871,-18.670000000000005,8.886531639099122,3,2
327,RWAAMPGRKVKFIPWTKAEVEKIGYDVRTF,0,1,0,3.993734267105607,-2.1099999999999994,10.16139392852783,4,2
328,DNKKIWVFVPPPSYTYEPNRIISRLVMNDP,0,1,0,0.9996896837848992,-1.1499999999999995,8.429902076721195,3,4
329,TRNWYAAQGRWVCEIVHDEPPAVLIATTIA,0,0,0,-0.9503120250008398,4.810000000000001,5.413254737854003,2,2
330,EPDIVEETTTVNAVEIASLFTEVKLMQYMP,0,1,0,-4.993536672350475,5.3,4.0500284194946286,3,2
331,VDVETFDAIDDFADFTSLTSTFCFNYVYKT,0,1,0,-5.043502248269487,5.550000000000001,4.0500284194946286,1,2
332,LSFATIFNEQKARAYGKWPMPRKEEWANWK,0,1,0,3.001329255289447,-4.5699999999999985,9.820871925354005,4,2
333,CDDYHRWSHPPNYKCWSDPKCTLRSPTPHG,0,1,0,1.162384904642017,-8.23,7.961668205261231,3,2
334,CIMTKREFVVLELKLSDMMFDGFEKFGMER,0,1,0,-1.036779422345882,0.7400000000000007,5.056135368347167,3,2
335,GDKSPFYVVTRTQIEFFDLGEKHNVCYILR,0,1,0,0.05460516780126734,-0.06999999999999984,6.751471900939942,3,2
336,GDGNRIPKELKKGMRFNEAQINHNRMGVDK,0,1,0,3.1006622294050907,-11.209999999999999,9.9888765335083,4,2
337,CEAVASQQCCNFACDETKYDFKLQQHNNHR,0,1,0,-0.9774388024029698,-7.780000000000001,6.016032218933105,2,2
338,GDEHYTENTKGDRCLRDGCPFGYPGSNWGF,0,1,0,-1.9892003054077436,-4.510000000000002,4.828495216369628,2,3
339,EMFWLICKQGKESAMFLKPGVTSFENEVGW,0,1,0,-1.0401788957278875,5.1,4.948539161682128,3,2
340,AMRDEHTLSWPRRVWNTDATHIRNWKQPEV,0,1,0,1.2004323251809503,-9.29,8.797629737854006,3,2
341,HENHYHWKYGDKSEHQIDRRCRKKWWGPQR,0,1,0,4.346503913191171,-17.96,9.742994117736817,4,2
342,VCCNEWGRPYHEWREFEGVPLIILNILYPG,0,1,0,-1.9875320230719846,5.210000000000001,4.905114173889159,2,2
343,EVDWFWDSIMNDWEDCESYDLDNPVCVTVG,0,1,0,-9.082660119350814,2.8700000000000006,4.0500284194946286,3,2
344,ARGCGRQWDGFRNCPCMDKCTQHKRKSENI,0,1,0,3.9207877002739067,-13.689999999999998,9.250520133972167,3,3
345,INTYEMQKWGCVFRVNNDQHCKAFFDLIRT,0,1,0,1.0094454677627818,-2.1999999999999997,8.042833900451662,2,2
346,DIIYRRDPEWRNQWTPGWQRKWTNGYLDHG,0,1,0,1.0993944031674898,-9.559999999999995,8.502235603332519,4,3
347,KIRSGKKHRNYEWLRCLAKKGRMRVVQYVG,0,1,0,9.042302814029174,-12.039999999999996,11.084194374084472,4,2
348,ASQRCNYRMEMNETVFDIIKSESKILFPSS,0,1,0,-0.041836935750215964,-3.310000000000002,6.2901098251342775,1,2
349,CDCIGFPPMALEMNQKTKHRLVRSHYAHTS,0,1,0,2.20824046861321,-3.1400000000000006,8.860937690734861,3,2
350,EWWVNGNDDCANDHSTYSMQPCINVTQINL,0,1,0,-3.9895678975475755,0.40000000000000036,4.0500284194946286,3,2
351,LQKGVIEVEAVLKRELFLYINAFQKFCRNS,0,1,0,1.956808983083521,0.859999999999999,9.111268424987792,2,2
352,DGNPCNRCTCYTNLDPNRLAVRDWGHNVGF,0,1,0,-0.03543048381740212,-4.98,6.723904991149904,3,3
353,CARQLPKAIEKPGWGKDATESKWLDKGTSI,0,1,0,1.9593574513267298,-4.289999999999997,9.045961952209474,3,1
354,EQRSRTPEWDHRHFGEDIVGPPAWWWGWIS,0,1,0,-1.7977275839627773,-2.1699999999999964,5.388018226623536,3,2
355,NKSTNYWELQRTTQNFSTMNDVTDTKQIPD,0,1,0,-1.0114673200779327,-8.759999999999998,4.864985847473144,1,3
356,GKPTLDGIRFRQSVKAARLIKEFYLDFRNL,0,1,0,3.9993901377420373,-4.789999999999999,10.420234489440915,3,1
357,QDFMIRNQPFSDYKICISNSIRDYHNYYYG,0,0,0,0.04454387213018372,-3.5100000000000002,6.736750602722168,2,3
358,RENFTTNRCRCTYEIDCDGDSFRWWGKWHC,0,1,0,-0.0842572558009866,-9.52,6.731066703796387,3,3
359,NIRCFYDNSNLFDIVYKPHNMKWERCRDNP,0,1,0,0.9971192649783494,-8.440000000000001,8.03110065460205,2,3
360,GKGNPRWGYTDECCRIEKYLCWIVWAFLLV,0,1,0,0.8657071683065045,4.0200000000000005,7.932399559020997,2,2
361,IWVSGTKPSLPLDFNCVEKRRYCIETPLKH,0,1,0,2.0102984750233133,-1.799999999999999,8.821354103088382,4,2
362,CILRVKMVQMTARELSSDPFLQGRKKVLIY,0,1,0,3.956318630181228,-1.3599999999999988,10.025107765197756,3,3
363,LPYPCHEIHECCDDTEVKKYLYRIFEDGYY,0,1,0,-3.934221396578903,-1.9999999999999998,4.6867387771606435,2,3
364,IVGEVLELVTMTILMVPIPILDPTVSFLQC,0,0,0,-3.0424891638337366,16.26,4.0500284194946286,2,3
365,KEEMKQYHMRPSTEERCEGDCAPCSGQDAR,0,1,0,-2.037179475985857,-13.750000000000004,5.093649101257324,3,2
366,YWHNDCKDCPSCLKIYENQDFIMRKGDKEQ,0,1,0,-1.0388321126723827,-9.0,5.5467126846313475,2,2
367,NSDEETILLTMRWLIVYTMYCRISRAAPDT,0,0,0,-1.0556019920367166,0.45000000000000123,4.782853507995605,1,3
368,DSRITIAQTEPQLFKHTQKTVMLEELRHMP,0,1,0,0.20184318793727973,-4.56,6.929548454284667,3,2
369,DTENTVINTMNRHTWGNEMLNAKLYICRTR,0,0,0,1.0558848327224961,-6.319999999999999,8.206325721740722,3,2
370,DQAAKDTAPKGQWYNRQHQSMKCAINVNFV,0,1,0,2.0527469136009566,-5.390000000000001,9.112557792663573,4,2
371,PHNYEDGDNGGFHYQEIFSQEEKYGSQNHQ,0,1,0,-4.69796190538112,-6.98,4.617224693298339,1,2
372,ISVTMAVEAYGEMCFKSMDLPGRFTFNTEA,0,1,0,-2.0417131727677282,5.139999999999998,4.407318305969238,2,2
373,KIKYEKDTFDVIVPYEYVFKKKRTFVRNPF,0,1,0,3.99037834695105,-5.359999999999999,9.698188591003419,4,1
374,NPHQIAIQGLKSFGIEQIRKHGSEYRNTLS,0,1,0,2.1857630138283013,-3.7700000000000005,9.696899223327637,3,2
375,YFSSLNNDRPSDDSRTCTMIAAIRPPPHPP,0,0,0,0.047748140921763035,-4.9099999999999975,6.741184043884279,1,3
376,EEVDIIVFSTAINNVVNDIVKTMIHKIDIE,0,0,0,-3.896131948742114,6.569999999999998,4.447617149353028,2,2
377,DPPPQRIKYKPCRDVFLLRWPECSNELWDC,0,1,0,-0.13101935082326527,-6.400000000000001,6.221391487121582,3,3
378,ESGYPYDIVTVMKKRLGYFCPCFLMRSWLH,0,1,0,2.006936217666694,3.240000000000001,8.801820182800295,4,2
379,FHPIDNFKRFVNVAARLLGFRCAVAETKWF,0,0,0,3.0489426605373553,2.6300000000000017,10.045673179626462,3,2
380,AREHIPTYDRYLETMHPEIDGESAFQSAPS,0,1,0,-3.797554155139086,-3.2399999999999993,4.629388236999512,2,3
381,NKNYLFIERNCFEIDESSTDMLQGYSSDYC,0,1,0,-4.098829941004029,-3.170000000000001,4.0500284194946286,1,3
382,RQHHSNIVNCKSVETLKDFISPSRTNFINV,0,1,0,2.146094143426626,-4.060000000000002,9.311507225036618,3,2
383,KCGFFGCDLDNPIVRFQTEYCKFGRTDKKK,0,1,0,2.85714796536968,-6.76,8.994322776794434,4,2
384,FNEQYCDCILCEYKSERCSQYCPWNTPRMH,0,1,0,-1.1286270619947985,-6.2,5.5285242080688475,3,2
385,MLIGAVSFDTRQTNQTDFIGARMLRKKKGG,0,0,0,3.9948451381026824,-3.9200000000000004,11.000063133239745,3,2
386,GVASKRVLYWYALFLMRYRICWVFFCSRYR,0,1,0,5.9045618113684055,2.4600000000000004,10.192725563049319,3,2
387,TQLPDFFKDLANLEMMLKSDIVIKALDCFI,0,0,0,-2.0483569803284327,6.319999999999999,4.359062004089356,1,1
388,KHYCRHWRLKGPWNENVMQTPLRGRRKDIV,0,1,0,6.143013635468173,-12.379999999999997,10.953388023376462,4,2
389,WNIEDVRDGWRFWHPKEEKRPRKPKWYCYM,0,1,0,3.054501940327262,-12.14,9.429871177673341,3,3
390,DKLLFYIDCVSEMDFSGVWKDEWATDGRSA,0,1,0,-4.04018113786403,0.9500000000000015,4.090156745910644,3,3
391,FNEGDEFYYFWITNELKCNYLNKYNNMLYM,0,0,0,-2.0505501085801088,1.4399999999999995,4.407318305969238,1,2
392,EFWAVMLAMFVAYWARERRPLNPQWFRVIE,0,0,0,1.0023437957852952,3.0299999999999994,8.840952491760255,4,2
393,MEIKSSRHNNDKSLTHLYLEEFSKHCAFPD,0,1,0,-0.7489268566157681,-5.710000000000002,6.237192726135253,2,1
394,KHWQWLEVTSFDPAYIQAQMCPPHDMVASG,0,1,0,-1.8559206024625867,4.140000000000001,5.212669944763182,3,3
395,DWNGYCGHGNCDICGFDRCEPIMIPAERES,0,1,0,-4.074775856597614,-1.1399999999999992,4.29062786102295,3,2
396,NSPTSDAEGCRDPYPIKDQSCGEYRMPCTM,0,1,0,-2.144427544547002,-6.8999999999999995,4.437499809265137,2,4
397,RTYTGETLRNTATAKHCIQNTADVIMPKQT,0,1,0,2.046452321937436,-5.1599999999999975,9.195399665832518,3,2
398,NDYCHVCVILPLFLQLQIIMKRWLSIKRRY,0,0,0,3.9939023955715105,2.2900000000000045,9.695867729187015,2,3
399,DNEQYQTVEQFGALWEQDYSDVIFDGLDSD,0,1,0,-8.99353096231058,-1.2599999999999987,4.0500284194946286,3,3
400,DDRIAYDYPNGYDRVEMLGELVREGDIGDG,0,1,0,-5.994381735828377,-4.390000000000001,4.0500284194946286,3,3
401,DKRDHGYQVPKVEKINGYSWQKNEVLRHSY,0,1,0,2.1979225010504475,-10.409999999999998,9.229954719543457,4,2
402,ATEWLVIWTVLGIMFPVFFIMFAPLEGWSE,0,1,0,-2.9966967215811335,18.970000000000006,4.0500284194946286,3,2
403,PYSDRDECYHLTTAAGSEFNCLKNDLMQYM,0,1,0,-2.987780647761719,-2.6299999999999994,4.4281213760375975,2,2
404,RRKYWCPWDRNDCNDYWKCQAVYEAVEAAL,0,1,0,-0.14022880959102357,-7.280000000000003,6.220027351379394,2,2
405,SEIYRSTFTYLFDNPYCRNSCEARQTIDKG,0,1,0,-0.09410009575594636,-6.6899999999999995,5.933274650573731,2,2
406,SHKNSWCRSDERFGSDYCTCSTAALQGCYY,0,1,0,-0.08643178352364833,-4.929999999999999,6.461763572692871,2,2
407,NQSLTMGGTTKDGRTLVKRNDNDEGTTVGK,0,1,0,0.9892204609758565,-9.350000000000001,8.496304512023926,3,4
408,MGNVTTYKNKNWTWLEKKKKTTAFKKPVKI,0,1,0,7.9933600602120585,-7.3,10.368079566955565,4,2
409,SGKNPCGGLMRRPLRIRQLKHRWYHCQWIP,0,1,0,7.100048123707938,-8.269999999999998,11.454758644104007,3,2
410,KKFFYHERFYDNNRYYYSITMFPAAGDHWN,0,1,0,1.185181066762352,-3.2399999999999984,8.315277290344238,4,2
411,KVRYGTRVPIRGKTMRSYKYPVRAFWWLVA,0,1,0,7.9858719249811605,-3.9999999999999973,11.493117332458496,4,2
412,DNICWIKINRMHHQRDNQFLEFDWYIDIIP,0,0,0,-1.8449070918355415,-1.0900000000000012,5.3014524459838865,2,2
413,FNKKRLKRGEGDIHVRVEFLGETNKSNVLV,0,1,0,3.0968662377188854,-6.979999999999997,9.9888765335083,3,1
414,NDDKQCHFNHQKFFNRMLVRYIYKHLYLHY,0,1,0,3.333889657263137,-5.82,9.363339805603026,2,2
415,KGGCDPTWKQTRQRLILSCRCISPIFRWGC,0,1,0,4.810561759142927,-4.269999999999997,9.693224525451662,4,3
416,TVADEMKHYHQQRGPNVRNDIKNQGRETQT,0,1,0,1.1936017250535635,-14.42,8.223345375061037,3,1
417,DNSFYHFTNTHTEDNFKGGPSYEAILPLQP,0,1,0,-2.8007400744008053,0.24999999999999944,4.7240819931030265,2,1
418,DEENLLMWNLVATAAPPEEWMMKLGGLIKN,0,1,0,-2.9940007095739523,5.110000000000001,4.251693153381347,3,2
419,KRDTDHKKDLPCVHVLYVHPNHVDPHITPR,0,1,0,1.4398535921960047,-7.190000000000003,8.196333122253417,4,2
420,SQVPSIVFDFFTSGAPSAQSQGMMEQTTSQ,0,1,0,-2.0045158662961917,3.710000000000002,4.0500284194946286,1,2
421,KKKCFADGEVFCADAKCNPINIEIGPLTLS,0,1,0,-0.1407805494323554,2.5800000000000005,6.1920057296752935,3,3
422,PKEAHIWPLWCMVIEFVWDRYISRIPWYCG,0,1,0,0.011621454984797608,6.850000000000001,7.086537742614746,2,2
423,PVKVIKKNAHGLIQYQKATNYHIHWDIKIV,0,1,0,4.294421589135837,1.4599999999999997,9.882503700256347,3,2
424,KYCFKCSNYDRTFHTCTRSKRWVRPKGCHC,0,1,0,6.9614794536685265,-12.27,9.66092586517334,4,1
425,EIFRCSSWCPERPNYWCESSEQHPNCPKRY,0,1,0,-0.07681084495270502,-9.23,6.818485069274902,3,2
426,FDVYVCKGSKNEEDIWRFTGHVRQTSSTTY,0,1,0,0.04975326557601206,-4.5299999999999985,6.751471900939942,2,2
427,DSPDEDACVERNPYKFLRVCKATNIGRKTF,0,1,0,0.9135036360337189,-8.33,8.021688270568848,3,2
428,KTTQGFSISENKKGHKVLFPVDNNSFKMTT,0,1,0,3.0894483988660144,-3.5799999999999996,9.825642585754395,4,2
429,DEFRYTYCKQSHWHFHENMLGKLHQKDFND,0,1,0,-0.6473984209466583,-7.870000000000002,6.435503959655762,2,1
430,SNIANFVFVRLAFEREKRHMQLMAASFIND,0,1,0,1.095897850387124,0.14000000000000068,8.48502254486084,3,2
431,DFEEKSGIRFVSYAWHVMNRESVEIKDEDF,0,1,0,-3.892825340095354,-3.8000000000000003,4.5473127365112305,2,2
432,TVFSKCDKDYQVNHQWIHLFSFCKRRNYQV,0,1,0,3.0996534395815107,-5.519999999999999,9.236723899841309,2,2
433,HKNCSIYEIKNDVTTVGERVKWSIVWDKSF,0,1,0,1.0509167185941746,-2.1099999999999994,8.145660972595216,3,2
434,MNWKYMKRFIDTRPIKYVWALDSFYDLATR,0,0,0,2.9930107207077614,-2.4699999999999993,9.694836235046388,3,2
435,SAGEEDTDRYLQQYMDEDTDEHIEMFNFLG,0,1,0,-8.897403611768867,-4.629999999999999,4.0500284194946286,2,2
436,SGWRPSSPTSALTMREPCWGEEQIAPKGVR,0,1,0,0.9534548696790298,-3.749999999999999,7.942714500427247,3,2
437,MPVCETCDLVFKTTCSPMRTRGNKKIAVVN,0,1,0,2.8618377265390347,-1.6999999999999982,9.09914836883545,3,2
438,NCQERNSTTAMQEMTTREQSPHIWCWWRWD,0,1,0,-0.9987506444761788,-8.559999999999999,5.60014133453369,2,3
439,HSYTDTITILIIDEPTKRNPYWGKGEDRRK,0,1,0,1.0956376319903647,-8.72,8.385805702209474,4,2
440,GHQTCEGWGGDSVNTVQVNWVQLNNPPNGD,0,1,0,-2.945140682813529,0.2599999999999999,4.265561866760254,2,2
441,HGWKGIDYGTRKNPGSALAMRTWQGEYDCG,0,1,0,1.0486272961060188,-3.16,8.163905525207518,4,2
442,NMTNSKGFWVTQQIFIVQMYYMNIINNYIN,0,0,0,0.9830486287930957,6.419999999999997,8.430675697326663,1,3
443,NEIDDYHMGNSYSTMEPMFTYSGMFESQVI,0,1,0,-4.911190417338865,2.9899999999999998,4.0500284194946286,2,3
444,GCWCKWELWIDIMYYYSDKHCQQDWNNVRE,0,1,0,-2.03488434526666,-2.6400000000000006,5.001854133605956,2,2
445,FLYSSKFRYQIFSDLNRTNTPLRKFYHRWT,0,0,0,5.0893323885563655,-6.489999999999999,10.533956718444824,2,2
446,STEDNVWADREKLTDEEIIYFYPDALAQVD,0,1,0,-6.998163634705596,-1.8600000000000003,4.0500284194946286,2,2
447,KINRILCCSKCNNEIEKYSWMYLNSICLFV,0,1,0,1.8115508077920857,1.9300000000000002,8.48934192657471,3,2
448,VNHCDNRSVWEDQRPDNLILHREVPPRQHH,0,1,0,-0.6461085763698883,-11.919999999999996,6.425329780578613,3,1
449,QIDHCFFLELPREEPWREHCNQRWPLIMDA,0,1,0,-2.890538972409935,-3.4899999999999984,4.969171714782715,2,3
450,EEFNAGNRYSADRRGQIFASPEEPRWRKPD,0,1,0,0.005398090194636218,-13.669999999999998,6.47426815032959,3,2
451,CTCNDNCPPAAPVIPIVDLMMKDFINYNPH,0,1,0,-2.0342375158313044,5.029999999999998,4.41328639984131,3,2
452,AAEPSDPRWQPPERRWQRWWTAVLPRFCGS,0,1,0,1.9575527312441792,-7.339999999999998,10.147468757629394,3,3
453,IYLVAIMLIFGVFYIPGAVNAWLVAWVTMI,0,0,0,-0.003762860358518798,24.00999999999999,5.523579216003417,2,2
454,RMTYYCFIEMRVPTSRWVMSLRAWWNTTDD,0,0,0,0.9477999815995588,-2.3099999999999987,8.19736461639404,2,2
455,REGLGGKDQHCFDSKNPETHQHLYHQSLLA,0,1,0,-0.6546265988436155,-5.989999999999999,6.428001213073729,3,2
456,VRDEYGQTCKANMVVDWDIPDEAPMQVDTG,0,1,0,-5.040900801600252,-1.8099999999999987,4.0500284194946286,2,2
457,VYPLTWTKYPQERRWSHNGLWMDDWTQYSR,0,1,0,1.0969344839968438,-6.439999999999999,8.409272193908695,4,2
458,NTAEVSCSPKMGDHLKWDHGWTKQTSGLRQ,0,1,0,1.1414423486101524,-5.609999999999999,8.192980766296387,3,3
459,NKDDKHYHRINLFRNLKLFNKSGSRPKVLA,0,1,0,6.183176475267196,-10.609999999999998,10.637299537658691,3,1
460,DINYLNEDINTPIPNLFKRHIDKREKLSKM,0,1,0,1.1015372757046378,-7.96,8.386256980895997,4,2
461,NNEKSDTVAFKDDFFMLVRKDYMGSTIVVS,0,1,0,-1.0109016479551274,-0.6000000000000008,4.78012523651123,1,3
462,AQEDKGDMITMDYKDAYGISSKWEVHNVGR,0,1,0,-1.8989543282505346,-4.34,4.892041206359862,3,2
463,VDVPFIVNKCMERCPHLYHKLQSTGKAQID,0,1,0,1.1077612894173103,-0.9499999999999994,8.015628242492678,4,2
464,EESVWDVPGGNVLLRGRPGNNCWIATTRKP,0,1,0,0.9572949303578612,-2.5399999999999987,8.319854545593262,3,2
465,NELSEFWKLYPGEYKGMIRLMVVGSCWDYV,0,1,0,-1.0557406454713465,4.730000000000001,4.870612907409667,2,3
466,ESDNHQRNHLLKYLYIQYTFPFHYNRYSPV,0,1,0,1.2924051900756213,-4.289999999999998,8.444536399841311,4,1
467,KKGLWIVMASWENGCKERASKRLHPIGSST,0,1,0,4.045971632818319,-3.18,10.029298210144042,4,2
468,FRRCKQQNKRYWSVQNGPKHMWWPTFPVIN,0,1,0,6.045434767721171,-7.229999999999999,11.07529773712158,3,2
469,SEDPHIFDFTMYDNNQSCYNLSPPQHKKNS,0,1,0,-1.852148921732692,-6.2,5.249842643737792,2,3
470,RRFSGQFGRYPSFWWRDPRCYRNGKNPEQT,0,1,0,4.946937646351112,-14.19,10.843276023864746,4,3
471,PLKKNWSWDMRYYIGKNCFGLKYCWDWEHI,0,1,0,2.009237707733603,-0.8199999999999994,8.83154010772705,3,2
472,THRMEIQIGITRKGCQMKFLQFIMFNQETK,0,1,0,3.049321271796762,-2.45,9.781868553161615,4,2
473,PLKGPEDKRMVHMEKYHGHWDKNQDNRGLS,0,1,0,1.3004209293347953,-11.799999999999997,8.775388145446776,3,1
474,AGWEFPLFVEADVLRVMMFRKWSKHAMSRG,0,1,0,2.1007373839718357,1.680000000000001,9.979012870788573,3,2
475,NGRQQSAILHDEFDVFIAKMSAMTLTDDLY,0,0,0,-2.911764536811364,1.570000000000001,4.352013969421387,1,3
476,PFGVKKHWYSDWAPITAIPQTREHYKAAEK,0,1,0,2.1993117500187926,-2.3499999999999996,9.347351646423341,4,2
477,STCPHKICIDIPVAERGKYFKYAWVARLVW,0,1,0,3.0027455675561123,3.1000000000000005,9.236917304992676,3,2
478,LMKINENKSDRKRCLSCHERKEAWQVRCSG,0,1,0,3.9676663429569476,-14.59,9.4183313369751,2,1
479,LRWRLLQMHERAYYHCNSAFRDRIDRNPIF,0,0,0,3.151946250074369,-9.17,10.023496055603026,2,2
480,SNPAKEGDNKKCGNCKEHPMYHTPNHKLHE,0,1,0,1.3032595532514444,-11.090000000000003,7.83389186859131,4,1
481,VPSYLQTGSNVNNPIIEILGQQQFNNAPYW,0,1,0,-1.002294810227507,4.4300000000000015,4.0500284194946286,1,2
482,MYLPAFWIPDEWETNRDYYNKHVHAHVAHA,0,1,0,-1.6085722435241654,1.0299999999999994,5.978745841979981,2,2
483,VEFWPIMILMLPKAMTTRTMSPDQKTQKWD,0,1,0,1.0003523806225532,0.6599999999999978,8.468260765075684,4,2
484,YNRKKWSFFYFCFDNRLWVSWINFRFPITG,0,0,0,3.9463245281983266,1.64,10.025107765197756,3,2
485,NGEKYRFHDTIKGLGGDIVENKAPTSANGK,0,1,0,1.088075585438085,-4.720000000000001,8.386643791198733,4,2
486,FKRHPGDNYGFRCDISSWGDCGSHEWIGAS,0,1,0,-0.8961553460438881,-1.5599999999999998,6.0060853958129865,2,2
487,SNLNTTSGDNIEGIYKDLKAVERRTAEEVE,0,1,0,-2.9978721129606782,-6.91,4.622510719299316,3,1
488,DDSRLHDLRWNMDAEYSWVGFLSVQTPVET,0,1,0,-3.8970665920293994,-1.4600000000000013,4.228389167785645,3,2
489,KRFCRCTMIPNEDKKTLLFYYLDGIDYSPT,0,1,0,0.9004824764763496,-3.0700000000000016,7.999446678161622,3,3
490,NGSGCTCMPCITMPSENCEIDQIYLPHPLN,0,1,0,-3.0907350976436656,3.9699999999999998,4.13028507232666,2,3
491,EIRIFDRVHDALLEVQKRLEMMAEKMMNEM,0,0,0,-1.893311982365975,-4.39,5.094388008117675,2,1
492,GGWTDIWNDAETIIRKGPKFPGGWIHPHMR,0,1,0,1.1980275537422131,0.8800000000000003,8.60338649749756,4,2
493,MDKDNYLMDKEIQVQSYVSTYHQQDSNDHT,0,1,0,-3.805940037845487,-7.98,4.442501640319825,1,2
494,KRRWFLCDIWSAARIYCAIYRVAERNGDSC,0,0,0,2.856202317767509,-4.389999999999998,9.10443477630615,3,2
495,EKGRWYHVVCHQIVDFLRRNRNTERYDCTG,0,1,0,2.1092663280990402,-11.0,8.87221965789795,4,1
496,NGVMAQLKRDFERQCPFWKHIVDKFLSTNQ,0,1,0,2.04262586643157,-4.649999999999999,9.195399665832518,3,3
497,NRCKQLLEPCVYLIGDPFQHLQAWLARFPP,0,1,0,0.9966873221431752,2.0600000000000023,8.055082893371583,2,4
498,GDEYGDHNPLFYIIKYWYDWEMKNFEVIMC,0,1,0,-3.9445996660340907,4.09,4.29062786102295,2,2
499,PPQDKQKYSQFAESMCWQRPKSDHGSPKTY,0,1,0,2.054764571852721,-10.61,9.066269493103025,2,2
500,LNDQLKRKTCAALMIFSTAVLFAPPVYSLT,0,0,0,1.9523994306844978,6.560000000000001,9.196044349670409,3,2
501,TIKNYKVAFSNPSADDKRQCCCDTRGECRQ,0,1,0,1.8160001146179598,-12.34,8.467422676086429,3,2
502,RLNFNNITATAVQHYVNIPVDFTDSKDEKS,0,1,0,-0.9074394726197648,-2.7900000000000005,5.42939701080322,2,1
503,PADERYPWLFRDSDIFHSSLQNYVAMTVAS,0,1,0,-1.8991823305407076,0.8099999999999994,4.659399223327637,2,2
504,HEDAFISYCSGLNFMKMVRKAGRLINHNTS,0,1,0,2.147561310370466,-1.0599999999999994,9.195786476135254,4,2
505,HEKQPVYKKNDQHYEHTVKNEPQDKHFVQK,0,1,0,1.392651825605429,-14.440000000000003,8.299869346618653,4,0
506,NERRHLASNIMNPNMTLAYDKQRSQNKNYK,0,1,0,4.084881669052255,-14.26,10.161458396911616,3,3
507,INFSYTKNIGDRKQKRQRWCHLMEMDSIML,0,0,0,3.0539437631424837,-7.489999999999997,9.62514591217041,2,2
508,NMNDHFGFGHNKKDDIVLNFFILFLHNTRY,0,1,0,0.28320061595564067,1.449999999999999,7.022423362731933,2,3
509,VFYKKTCMGYITKKMNHPNKHNTNEGPLRG,0,1,0,5.14983182668436,-6.359999999999999,9.90210208892822,3,2
510,SDKISWKVYKKFYYFIIVNMRERLQIGGQW,0,1,0,3.992286846491741,-0.41999999999999993,9.871608543395993,3,2
511,TWMEKTRPTWQKHGKGDVLGFFHNSYWDFK,0,1,0,2.1914813947367557,-3.229999999999999,9.398410606384278,4,2
512,LGYWRRWHFEYYCYNPIITMEQVVKKEVQD,0,1,0,0.053953062249167294,-1.6699999999999993,6.762896537780762,3,2
513,VTTARTDWYTWRAPNNRGMWVECGDGHTCN,0,1,0,0.009426128711921097,-4.249999999999999,6.709695243835449,2,2
514,PQQQKDEEPRYYRQFSSPRHMSHFHYNTGQ,0,1,0,1.297754003693982,-13.65,8.832120323181151,2,2
515,ETKEKCYLSWVIIWENRVLCVMVWWAVIIG,0,1,0,-0.08733120926888066,10.100000000000001,6.303580665588379,2,2
516,QGEAPCSQHLRADAKSQPQATRYYSARLIM,0,1,0,2.0474162802721128,-6.349999999999998,9.194239234924318,2,3
517,RVRNQEFGPQDKEHLVNKQPHHELYMNLDP,0,1,0,-0.7069965537654999,-9.9,6.280845069885253,3,3
518,YWDSCFILWMETLHLNKKTGMKIKFSWNKN,0,1,0,3.047275299845782,0.7199999999999991,9.433739280700681,2,2
519,ERNIIQRLFETVGYDSSMCCGADHYREGRQ,0,1,0,-0.9876133402944226,-7.539999999999999,5.562059211730956,3,2
520,DPNPIQNMDQPIQIDEVPQTVNDAIDIYQT,0,1,0,-5.996924351520512,-0.87,4.0500284194946286,3,3
521,FNYKLAKACEYDGWSRAEWDESEDLTTYRA,0,1,0,-3.0456301340396044,-5.999999999999999,4.441194343566894,1,2
522,NDPDAVLQWLEFFSRQGRDRNFGFVVVMYR,0,1,0,-0.011150456227286276,-2.3899999999999992,6.164154624938964,3,4
523,RPGNWITPQNGVVNISNMEMGAEVVKNVF,0,1,0,-0.005646143474145937,3.2499999999999996,6.14323787689209,3,2
524,YPCGRIVYKISTDGPIIAMKAKRCWRNNHE,0,1,0,4.00206076852804,-4.33,9.591686820983885,4,3
525,ENTCWYHDLNSSDHITFHYDHHYTYLFCNL,0,1,0,-3.5968664566891855,1.08,5.478619575500488,2,2
526,NHTYYKCDPYYCWPFSHRMFYCELDIYGQD,0,1,0,-1.9519814228169037,-0.7099999999999993,5.352664375305175,3,4
527,DDNYDYNNIFLIESPSHHDEQVRQERYEHF,0,1,0,-5.697626728565954,-9.040000000000001,4.485869789123535,2,1
528,GGDWTFRMNAAFDEDRLMNVRGPNFEVGYD,0,1,0,-2.996907746628259,-2.6399999999999997,4.366792106628417,3,2
529,VDVTGSTIRTPAGTKRHVKARSLPDMRNLQ,0,1,0,4.097545137894402,-7.6899999999999995,11.553846549987792,3,2
530,VRISTVLQILMAFLSWFLWFVQCKTNYLVH,0,0,0,2.0507272958770244,12.010000000000002,9.311184883117676,3,2
531,VEKENRVICYITQMVKPSSKLMKHGIRSDS,0,1,0,3.054521288414082,-5.369999999999998,9.516194343566895,3,2
532,YKCGDESGCWQVSLKTIPGCLSDELEKTWS,0,1,0,-2.1363006766672368,-0.24000000000000027,4.5132661819458,2,2
533,AEATRWGFPEKWEYFVTIELMGEMPDKTEM,0,1,0,-3.991821910434582,1.1200000000000006,4.305576515197754,2,2
534,RPCDPVWVKMVKNKSLTYQTKNDDQSGVFT,0,1,0,1.9469908532559594,-5.71,9.045897483825684,4,3
535,IVDSLHYWDFYGRNYKGHSLFAIDKNPAEW,0,1,0,-0.8033666165976308,1.3700000000000008,6.007392692565917,2,2
536,CKDGGTDMVTDDKGAYKHLNRLMMLEFTEM,0,1,0,-1.9409115134331738,-2.819999999999999,4.891757011413574,2,2
537,KMKGHWCGNKKMMGRSMMIINYSSGWDGIV,0,1,0,4.042276432333711,1.06,9.865870857238768,4,3
538,FIGNTICGCNGCFLPRYELLEDNCSNDPER,0,1,0,-3.180161644846578,-1.0099999999999996,4.177575111389159,3,3
539,QRQSVMLKSAVQAEMIITEIFYRCFERAIN,0,0,0,0.9522712745029094,-0.23999999999999944,8.197622489929199,1,3
540,LGWYGNHRHCPTRHKTLSKHYKSKSAWDGV,0,1,0,5.3464523156491675,-7.169999999999998,10.020208168029786,3,3
541,GGEVSWWPFYNKKPNKHNNISNYFSHQHDK,0,1,0,2.2940986423475405,-5.95,9.309637641906736,4,2
542,NRWSNPYCDGGGDSTGDTYEPQPYDGTYNA,0,1,0,-4.057644276548231,-5.05,4.0500284194946286,1,4
543,DKNRERNKCDGTFVQIDPQMKKIWHDGCSK,0,1,0,2.011803386394047,-12.65,8.78783054351807,4,3
544,LLPLLMTLAICLIAMPQGVFNKNMVSVGSD,0,0,0,-0.04661504268152128,12.98,6.07980556488037,3,2
545,EINQKFVRISDEAMFKTRARLDRKKLEHRG,0,1,0,4.102809663012775,-14.229999999999999,10.408630180358884,3,1
546,KRRSDRGPWPWICIHCGMYTALYLMGRLII,0,0,0,3.9972210546037443,1.8500000000000023,9.841308403015137,4,2
547,GGCKDKFPSRERLACCKKSGNSSVLLSGDR,0,1,0,3.8660230631472645,-8.829999999999995,9.419104957580569,4,2
548,RVKSYCWNVWVIETLRQKPEENSKHMWIPL,0,1,0,2.0490967532046804,-3.02,9.111719703674318,4,2
549,FNNTSYDSSENWRHDWWFDWRIWWIINSGI,0,0,0,-1.9054326531535235,0.7100000000000004,4.658717155456543,1,2
550,DEHDYNYITDYELQLMHRTAQHQSSYNHI,0,0,0,-3.6039186702621446,-5.7,5.176292991638182,2,2
551,PDGEPPQHIKKVKICLIFCGYRVIFLRFNT,0,1,0,3.0103932160292954,2.25,9.340131187438963,3,3
552,GAWKEWERIQMKDDMIRCIHSYYCVNIYCR,0,1,0,0.9643844235391096,-3.83,7.934784889221191,2,2
553,CHYCLNCSSINWTHLYLTQDTHINHDHKGE,0,1,0,-1.638775154287527,-1.1199999999999992,6.164211463928221,2,2
554,SNNIIRQFQHGENRHHNRFYNNIYKEYIYY,0,1,0,2.2885517556640815,-8.650000000000002,9.300869941711426,2,1
555,TMLSTKDRDTVHNAWKIYNPTFRIQIPPPR,0,1,0,3.0912104434164633,-5.299999999999999,10.266348457336424,4,3
556,TLYKTQHTMQRQLEIKDRNWQTVIEHGGQS,0,1,0,1.1928546865269785,-8.02,8.22379665374756,3,2
557,DANWCTARSLDDGTACLVGMRSFYEIRFGF,0,1,0,-1.0877850225781271,1.4700000000000009,4.684408378601074,3,3
558,KSNCNVNVNFCPRDRNRGPGGFQYPQGPLL,0,1,0,2.899261609243975,-5.870000000000001,9.500270652770997,3,2
559,KQRLFLTSSINDHQRIFVVLMSEDIEVWTF,0,0,0,-0.9074464659590736,2.22,5.4843034744262695,2,2
560,CDRKCNLTWYNDYNFDEEECMMGWAWAFLC,0,1,0,-4.173264031665859,0.2699999999999982,4.0500284194946286,1,2
561,IPKQWTLLLTLPQQRKGIHGADRCCGDQQN,0,1,0,2.0084885742788625,-4.699999999999999,8.903486824035646,3,2
562,DFKFFGYVSDPDFNKDIYPSGWTSKDAVDD,0,1,0,-3.998618883149444,-0.7199999999999998,4.108174705505371,3,3
563,EEPRDLCRHIVHRCMMLYMTFWTCNCVFIR,0,0,0,1.0201841917802894,-0.49000000000000066,7.984683418273927,3,2
564,EPYNTTEIWKDDVPAVSPRFFHTPNNWGHE,0,1,0,-2.798734260203553,-2.1399999999999997,5.011800956726074,3,2
565,DTPEGLSSFSRKTNNYYDSDWNKHHKPRWE,0,1,0,0.1996586207581793,-12.590000000000002,6.932958793640137,3,2
566,QQLIHWWYTNNQYRMLKKYFSWQHKPPTQF,0,1,0,4.187233531743386,-3.9499999999999997,9.998095512390137,3,3
567,NTRFANPQDYEWSRGLFSPEIWCAKYYVPP,0,1,0,-0.05736804505417592,-0.969999999999999,6.172680473327636,2,3
568,ATDERYPNQPPSPPDNNYGFFYSLYSDLDM,0,1,0,-4.00075272279834,-2.77,4.0500284194946286,1,2
569,DENRDCNDVDRNFSPIKGVTNLAPMTFFFN,0,1,0,-2.0416823204747705,-3.4499999999999993,4.360028266906738,3,2
570,INKQKCFYNSYYKQMKMDMIKFYLHYIYKK,0,0,0,6.046546200059716,-3.8900000000000015,9.675882530212402,3,2
571,YNHKERPICEPVRCLRKACKRLKWTIDLIK,0,1,0,5.959674822854565,-10.029999999999998,9.816617012023926,4,1
572,GMRPFWEYPPMLSEDVCFTVPLNWQQNFDT,0,1,0,-3.0430021028687113,2.910000000000001,4.0500284194946286,2,2
573,TPRWQGDPQHPCRSNMPQFFKPQDIFTTDD,0,1,0,-0.9510118509891468,-7.300000000000001,5.4461076736450185,3,3
574,DFCGGDCWYKAPSLPVPDCHEKSFYIRYAK,0,1,0,-0.035827656442324995,-0.30999999999999917,6.727997398376465,3,2
575,HVFQWIWIHKDSNDTNGKLNNESVPWYKKI,0,1,0,1.1926577347664313,-1.8800000000000017,8.39444446563721,4,2
576,WMRTWEEQVCCPSSCRKTHYRSKMNCITES,0,1,0,1.9201787876818597,-8.809999999999999,8.519126319885256,2,2
577,DRNQRHPYYAFLHTHHRGDEQQPPEASHHL,0,1,0,-0.40532203420188506,-10.920000000000003,6.628699684143067,3,1
578,ETIEEQKHCGETSKMKPHLLMEPSIFGFEA,0,1,0,-2.8390044190957475,-0.3999999999999989,5.058295249938964,3,2
579,PTRNQMHLYLSRGDRGDEQGRRRADNGFGG,0,1,0,2.1016604977762743,-14.679999999999998,10.573733711242674,3,2
580,FNKKYRDNSRTNRGDSNRGHHYHPDKHCWD,0,1,0,3.343918032328242,-19.45999999999999,9.51445369720459,4,1
581,DTINQMEHTFYPPNKDGPFNPCLITSQTNT,0,1,0,-1.945128579322886,-1.3400000000000005,4.536456489562989,2,3
582,LKHMVHNPCEQIQFHYHEHFFVKRQVFDLC,0,1,0,0.40529449365126163,-0.13999999999999974,7.134794044494629,1,1
583,MMEYPLHRDAKCWDGIFICREQGLAEQHQK,0,1,0,-0.8922618606077792,-4.109999999999999,5.994774436950683,3,3
584,VLAPRLLMAFNDDARYPFCQKMFPKFIFKQ,0,1,0,2.953042511315138,1.8000000000000003,9.626435279846191,3,2
585,SETKGYRNRWEIWDWRGDSFEYDGVEYGYG,0,1,0,-3.0013093342065162,-6.42,4.440569114685059,2,2
586,EVKRKPELSLMRNIVMRWDNENPVFTYESH,0,1,0,0.10332612178409416,-7.080000000000003,6.870322227478028,3,2
587,CNYMLKRSVFLAIPEVDDEFDKKRDCLHRA,0,1,0,0.014401177488039707,-6.589999999999999,6.7489709854125985,1,2
588,PDNPGWVRIRTTYQVHDWCVNKITYVCRLI,0,1,0,2.0087928407395697,-0.8899999999999988,8.957253456115723,3,2
589,VRQTEVWVRMEQKNLHSIGYKCEFPLIPPT,0,1,0,1.0559232473443108,-1.2900000000000007,8.156878471374515,3,2
590,PKQRQRCGKQKDYYWLYEIYFNNGKFGCWW,0,1,0,3.908847979406212,-6.379999999999997,9.410272789001464,3,2
591,DNNTLGCQPCLERRFDEEADPDLDWTMPGF,0,1,0,-6.081933228502886,-4.760000000000002,4.0500284194946286,3,3
592,RWCYNHIYPCCLPDRREHHTAYRPFCQKPG,0,1,0,3.1084620602582667,-8.179999999999998,8.891173362731934,4,2
593,WITSIPAILTIITPSNREADCTETKWYGKC,0,1,0,-0.09032304231607285,3.080000000000001,6.166428184509278,2,2
594,SQRLRPCRYRRKPNIYQNQFHICKMLIYIV,0,1,0,6.9995452446410695,-8.189999999999996,10.54317569732666,3,2
595,KHYERYWSYGPHDEVRHRWNANPKMYFIQW,0,1,0,2.2859060683499575,-7.66,9.306607627868651,4,2
596,ESILLRQNRTPLRLQDIDTGIKAEGDITKL,0,0,0,0.0032772439584164426,-5.059999999999999,6.340469169616699,3,0
597,AGKKCFPGEGMLDCCDLCASMTNTNKINPY,0,1,0,-0.17886969909273004,0.6499999999999998,6.130846977233887,2,2
598,RFCECRWMEETETSSDFYSASPLRPWGCAD,0,1,0,-3.135387943388043,-4.379999999999997,4.483141517639161,3,2
599,ATAICAGKWKMKTCTQTDRRTEWLPRPDQM,0,1,0,2.9113410055317956,-8.08,9.388031196594238,3,2
600,KVKSHLLEVLISFNCTCKDTSLHTDHFRIL,0,1,0,1.1987328835534812,0.94,8.061078453063963,3,2
601,GCDYRRMEAVREQMMMVDGTWNENIWFSTA,0,1,0,-2.0412543817180393,-2.6400000000000023,4.5132661819458,2,3
602,ITPQEVTPGQNICCEEYSLSGFGTDRLGWT,0,1,0,-3.0862137484335674,2.2700000000000005,4.0500284194946286,2,2
603,NPQHWQFIATEINEPVSFFWFRALVERVP,0,1,0,-0.9101067562245059,3.8699999999999997,5.497944831848144,2,3
604,DHRHIKTNNNLVHRLMVDLDRYYRLPTAVL,0,0,0,2.295246653192457,-6.140000000000002,9.690774726867676,3,2
605,TESDERKAPRQQEMNNKQRHELGNTKAIVI,0,1,0,1.0982833996607884,-14.139999999999997,8.197815895080566,3,1
606,GGRWRDMTMGEHFSSVTINVEMHHWKSID,0,1,0,-0.7012244862510787,-1.3699999999999992,6.282038688659668,3,2
607,SNCYCHNCDGSSSHEHIVYQPTIIEDYVYN,0,1,0,-3.8430338240607744,0.3699999999999999,4.69827709197998,2,3
608,GDYSYDNRQWDHHRFNKKKWTIVACYTASV,0,1,0,2.149585537450568,-6.790000000000004,8.991679573059084,2,2
609,EGEDDLRIHGLRNYNVGVRELANHRHPLPN,0,1,0,-0.6997738852651252,-8.12,6.292667579650879,3,1
610,LNKFYKSGGIIKKEEDNDEYIDDSLDVIPQ,0,1,0,-3.995895323184012,-3.9800000000000026,4.2371423721313475,2,1
611,HDNEIFRMALGNRMFRQVLCHNDHRIVIAI,0,0,0,1.2482731841355632,-1.58,8.274855613708496,3,2
612,KHFETGLQKSARGASRWDDAIRWWGTGRAT,0,1,0,3.0906455293315065,-6.959999999999997,10.834572792053223,4,2
613,DWCPHTIGDDFEKISVIPAMEGWGMKNHL,0,1,0,-2.8431478626397477,3.9700000000000006,4.798995780944825,3,2
614,GMIYVSKWFQEILQERQNCMKKQQMMEDMD,0,1,0,-1.0417437978527682,-5.130000000000001,5.0608530044555655,2,2
615,AWALTRFAELLLAAVRGTRVFDWFKDVLHF,0,1,0,1.0998332111163018,6.370000000000003,8.794019508361817,2,2
616,QHRSQQGGKRHGKPWLKDRENRKNKKNQDN,0,1,0,7.192515032566269,-25.73,11.097023582458494,3,3
617,NREIDMLCAVCMKWDTLPDDCLISAATEYI,0,0,0,-4.142846053588286,3.4300000000000006,4.0500284194946286,1,3
618,QWMCAETECICVIGMWLWIVRGKCWYHAKR,0,1,0,1.9151042707982444,4.660000000000002,8.519255256652833,4,3
619,EDKDISWPARPSHTPTYHDRYPIHRPAALQ,0,1,0,0.2963948428356753,-7.4300000000000015,7.114445686340332,3,2
620,WQRGARCDGVLQGTPTDLTWASVPADGIIE,0,1,0,-2.04478506094555,2.4400000000000013,4.457791328430175,3,3
621,WSVVGGRVRYCIREEDTVYDSLRTSDDNHT,0,1,0,-1.9451531386200576,-7.7299999999999995,4.891813850402832,2,2
622,DYEIIMLNESMDFIFQSNRKTTKQSDSDGY,0,1,0,-2.997077982699954,-4.83,4.233220481872559,2,3
623,AGAPENYDQGDTQELYAELNMTKKHNLHDK,0,1,0,-2.7990862903403797,-7.08,4.917732429504394,3,1
624,DEYWHDNAPRKPVWPVDKYVKWDHERMTWL,0,1,0,-0.7996100474838684,-6.589999999999998,6.033595466613768,3,2
625,LGFLLELPPPVYPDAWILRHPQWKAQCKVD,0,1,0,0.053681282245265693,4.35,6.753404426574707,3,3
626,IDMGLPAAFPASNQSTTSEHPHLLHDNCGA,0,1,0,-2.7470841138619377,3.6900000000000017,5.113940620422363,1,2
627,LVDRWCQEAASTPGSKSTTNKDQVFSNLVY,0,1,0,-0.045128342488680306,-2.4499999999999993,6.113283729553221,2,2
628,SKTQHPISRAHRQQRSKNSTLPSQSMNFTQ,0,1,0,5.190277197858741,-13.299999999999997,11.999967765808105,2,2
629,KRCWKRKKQLTSMKNIGIMMSVPGLQMLSP,0,1,0,6.943413177881501,-3.749999999999999,11.224735450744628,4,2
630,NHYPNDHYPGHKHRRPPTCNGRWKYVEDDG,0,1,0,1.3374039776277395,-13.14,8.17009449005127,3,4
631,SHCSLVEFCKKRQTVIEMCKQIPDQKIGHP,0,1,0,2.0601781213569588,-3.8899999999999997,8.609962272644044,3,1
632,KDRSKYHLIRDSWNWDSWWESPHSPKFAER,0,1,0,1.1909206115916455,-10.759999999999998,8.444665336608889,4,1
633,DNYPCFDILECTDVSESDNVPFWSEGNYDE,0,1,0,-9.081843584450938,-0.7800000000000001,4.0500284194946286,3,2
634,SLEAKIRIMDEYELTLYNVALAYDSQQIIC,0,1,0,-3.0476515895879217,3.4699999999999998,4.177177238464354,1,2
635,YYWHDCGGAINYESDNKTLVENNLKGDHQT,0,1,0,-2.851870762811257,-3.71,4.798995780944825,2,2
636,QDSFHEGRVCPPWRRWGVQISVRLKNIMWA,0,1,0,3.049116620302,-3.069999999999997,10.694418525695799,3,3
637,DDKEMLTTICFLTRTVGDHRYPFDTEISMG,0,1,0,-2.9419330351071546,-1.2199999999999993,4.518154335021973,3,2
638,KEEDSGLQRSYSGNNSCVGWMKCSKRTGKA,0,1,0,2.902327670887769,-9.83,9.241816902160643,4,2
639,RLGKAVDDPSYKRYMEFMNNNHPAVFYDII,0,1,0,0.09086307795714044,-2.0400000000000027,6.754825401306152,3,3
640,NFHVDSHIEDYELQAKFYINEIMEVPSCIA,0,1,0,-4.854598404593641,4.099999999999999,4.346500587463379,1,3
641,PFHGWQTRDYHEWCRCFVPKDDGRLVIKAQ,0,1,0,1.1107851881166084,-5.3199999999999985,8.406048774719242,3,2
642,NEGVIKVCSSSEDYCNIDYCIKTSKRHRCI,0,1,0,0.9086577499119859,-5.73,7.869865226745605,1,3
643,NSISSLQWYHLYWCPCKHCHKKKPGKNRKH,0,1,0,7.244283249267485,-8.85,9.860133171081543,4,3
644,EAQTNSVAAETEQTPASVAFGKHPPPICAT,0,1,0,-1.9427978697942296,2.5400000000000005,4.75233097076416,2,3
645,GWRPLLDEWWNSGYRYPSRLRAIGVWAEVR,0,1,0,2.000065970284095,-2.7699999999999982,9.963411521911617,4,2
646,CGNCNEYFPVGRRFNNPPCCRSGTSFLQGD,0,1,0,0.8227510200554133,-4.199999999999999,7.884886360168457,3,2
647,KQTCRTEENVKGKQHSEKKQANDLNSHDRH,0,1,0,2.246622716433102,-19.599999999999998,9.04686450958252,3,1
648,LFINYYRYWIGWKRCKPHNNEMSCMSPMNT,0,1,0,3.005876163667438,-2.1000000000000005,9.242010307312011,3,2
649,VIINCNTIECFCDIDFVPSSYMMTLPSDVD,0,1,0,-5.132610963211879,8.309999999999997,4.0500284194946286,3,2
650,KRLATKRQCHNCKKNNIDGKEMTKSYICPC,0,1,0,5.909657642303973,-12.47,9.560161781311034,4,3
651,VEWKITRACINYGSANVPWLAETKKHEIMA,0,1,0,1.0557436249386027,1.7599999999999998,8.13708667755127,3,2
652,CNWMFTNNIYRSLPCETVQSDSGSHQSRRS,0,1,0,1.0109351249789373,-7.249999999999998,8.067976570129392,3,2
653,LHHCFCLKGEDELQMEQIMRSTLREMEIFQ,0,1,0,-2.8848007308393506,-2.38,5.015722846984862,1,1
654,KRKRYGETFNWVSDIAQDACSQQCTSTPQP,0,1,0,0.9015886642362219,-8.209999999999999,8.033163642883299,2,2
655,WHYYKRCGEINSMSNSTSMVDDVNMGGASQ,0,1,0,-0.9485561705086445,-1.9699999999999993,5.380572319030762,2,2
656,FDNMQYGHIKKNITCRIGKDYMETKDSKTH,0,1,0,2.14702283061744,-8.63,8.945455741882327,4,2
657,MTLWIPMIRLHDFKQDASEEKFQALDCRNF,0,0,0,-0.9466006937086376,-2.1,5.497944831848144,1,2
658,GSMPAPEIQPTTNAYYGGDDYTIDSYHYKK,0,1,0,-1.904306809576362,-1.2399999999999995,4.658717155456543,2,2
659,NFSANMGCTLKDDIIHYIGKSNHDDPTNSE,0,1,0,-2.8577940794703305,-2.6200000000000006,4.906535148620605,3,4
660,RETQCYIAVTDPRRWIRAMPWNVNKIYRMN,0,0,0,3.9469087726949383,-7.590000000000002,10.274987220764157,4,3
661,DMPAEEQDPICRQKALEERLEFEQLDMSKH,0,1,0,-4.934883466396244,-9.53,4.437727165222168,3,2
662,NNTRYNRRIDGRRWGHQKKDLSHQQQQEHW,0,1,0,4.284246721040946,-20.93,10.87815341949463,3,3
663,DDNRQKRGGDFYNDHGDHEWEQRMRCWYWI,0,1,0,-1.8432519585009943,-13.77,5.402796363830566,3,2
664,NISSNLPVLQKKVDWSRRWHPFYEWPTIKR,0,1,0,4.085731738752275,-5.85,10.43306369781494,4,3
665,TPCSQKKHYGERTHIKIFCPRMSTNSYTVT,0,1,0,4.100002502869717,-6.0299999999999985,9.590977668762207,3,2
666,KKKYHHFFRDTTGGKYLHRHWLHRVFSIAN,0,1,0,6.481345167051058,-6.489999999999999,10.637364006042482,4,2
667,PWSFWEMVISSWDMEWCCFGYEFTSRWYKT,0,1,0,-2.0853925028528377,5.089999999999999,4.407545661926269,2,2
668,ETKCYVCVCKPGSTSVGGIKDNGHGEGKSK,0,1,0,1.9652573464364418,-2.9499999999999997,8.614088249206542,4,2
669,FRTIPGKDRWYCMSFNLFKQGWNNVNRRLY,0,0,0,4.946659315073032,-5.919999999999998,10.437383079528807,3,2
670,EVDPAPITQMQQIESKAVIKLVNFLEMDSI,0,1,0,-2.9956616109275522,4.07,4.177631950378417,3,3
671,PQYCYDMECDREKQNNCEKGTVIMIQPEPY,0,1,0,-3.128616354327447,-6.8400000000000025,4.359403038024904,2,2
672,MRIRWYLPPFEKNFEKDKPIEFPDMTFPKF,0,1,0,0.9991461323571528,-3.190000000000001,8.139987754821778,2,2
673,DNIGEGDVSKNGANNNYELPTQPYICTRRL,0,1,0,-1.0430434122547463,-5.800000000000001,4.782853507995605,2,2
674,TCPFREEDTRQWHVRVQIMTLWWNDNHQWK,0,1,0,0.1499032638625447,-7.35,6.620742225646972,2,2
675,NINNNICCHNSIPINYGLPGIVQNCSCNTY,0,1,0,-0.09585429138122094,4.02,6.704750251770019,1,3
676,VHGRCDRDIIKSRKPDYETCFETMSTQNRY,0,1,0,1.010752505553961,-12.470000000000002,8.00511989593506,3,2
677,FIVYCVEKTIFLHQDKVHFKDDRMRTKSGI,0,1,0,2.1480483895077267,-2.7499999999999973,9.046284294128416,2,2
678,DNHNFPTDLNVHYSVGNNDFWGIYGTKEWD,0,1,0,-3.801064843821914,-0.14000000000000046,4.494281959533691,3,2
679,KEVEMLAIFAVRHTCLAALYVRILTAKWE,0,0,0,1.0471934825625104,5.75,8.18498668670654,3,2
680,KRNFEDWLVPAGVAMSWKGPPKYAIKRCKA,0,1,0,4.945073902802434,-2.7599999999999985,10.020079231262208,4,2
681,SRFYCKKKRLNLFIKFDEKFIGAYIPQLDK,0,1,0,4.9488445010777795,-4.3000000000000025,9.80655994415283,4,2
682,DPPITAAGPARTFQQWCVDMAGYPVKQQMF,0,1,0,-0.045756079595489885,3.1500000000000004,5.952713584899903,2,3
683,SPLAPWMREWWHVEAIDRRKSQPVAPWTRE,0,1,0,1.0976728472226394,-5.579999999999998,8.483926582336426,4,2
684,EVNNVIKNRYDIHLYCWKTPIKGFKPFRWF,0,1,0,4.052145985727378,-1.4099999999999993,9.746926689147948,4,2
685,ATSMTALLECAGCQCTLFQRIGPPDEIYKV,0,1,0,-1.1328089365411977,4.6000000000000005,4.679236030578613,2,2
686,LNKRDTGVGVFPKFEPRRYLAPRIGKHCYS,0,1,0,5.05193878318395,-6.3999999999999995,10.17789783477783,3,2
687,SQSPGRKLKWKIPRTLQPFVFGIPMAWNKK,0,1,0,6.992168047786656,-2.7899999999999983,11.999967765808105,4,2
688,PCVMRADKNVPSNHARMDHNAMPKGIGNNN,0,1,0,2.153819069039355,-6.5900000000000025,9.373138999938963,3,2
689,YYRHHSGRFGICLLHKKFDPMCALKAAIKS,0,0,0,5.197753874039465,-0.5199999999999987,9.785801124572753,3,3
690,KNHGFKIIPDRFVVNPKGRQKDYMMAIATM,0,1,0,4.087678703657093,-2.4200000000000013,10.16642246246338,4,2
691,GNRCGDHKRDHQPKYARSERYRWQHYWMPT,0,1,0,4.249623903960208,-16.95,9.856716346740722,3,2
692,NKNNEKDQGEMFHRWCKRWWCPHVHDEKRM,0,1,0,2.198957741675485,-14.840000000000002,8.82264347076416,3,2
693,KKQKYCTNEMGDLRTKRVVWKTIIPLDPSQ,0,1,0,3.9457907280624536,-8.149999999999999,9.745959663391112,4,3
694,SRENFVAIKLQERLFYCCYRRPWCGYILPP,0,1,0,2.8597531556460396,-1.5900000000000012,9.055116462707517,3,2
695,NKESAIDPLPLERNNAFMSGISKFNTWEYD,0,1,0,-2.0086409861188423,-2.33,4.651157569885254,3,4
696,PLKFGKYYFQNTYEEQFDWYLQEDTHALNN,0,1,0,-2.898380258502502,-2.5899999999999994,4.5021257400512695,2,2
697,GWSTGPRGAHGEHHVILQRIFKDQRHNNAL,0,1,0,2.3950969446640427,-4.58,10.737418937683106,3,2
698,GAAREPTRRKFQEPYADIDTWSRDVRAAPK,0,1,0,2.0020402426631163,-12.3,9.687357902526855,4,1
699,ENYKKGNICVRCNQFYIIFRCRYTECLCHY,0,1,0,2.8730924170359318,-4.080000000000001,8.739414787292482,3,2
700,LKMRYKQWVTMDVRFRYLWPYYMQYWHMTK,0,0,0,5.092298156000698,-3.3099999999999987,9.99435634613037,3,2
701,RCRKLIGHTDYRVNHTVKYRDDCTKHLKPT,0,1,0,5.197886508400098,-13.640000000000002,9.782706642150877,4,1
702,HEDPWIAWDRRATAGNAMQQCEWQHVDYRH,0,1,0,-1.7500911857650645,-7.1899999999999995,5.765144920349121,3,3
703,NEKKCKYFGIKSEEMDWTNKSVEETGNNTV,0,1,0,-1.0509727243768143,-8.040000000000001,5.110075569152832,2,3
704,MMVVRNVISIGEKRIWRRIYGHRNSRNRII,0,0,0,7.093447289679208,-8.219999999999999,11.999967765808105,3,2
705,WIMRSIKIFEWPVSLIEPMWKPWFNFLLKV,0,1,0,1.999024088339249,9.66,9.699800300598145,3,2
706,WMWIERRDDWGESKDAFIWLQYILKSTERF,0,1,0,-0.9977380681656026,-2.89,4.996511268615721,1,2
707,LELATGQLCHTGQAPHHSLYSHFPWQYWDD,0,1,0,-2.650401998615158,3.150000000000001,5.605427360534668,3,2
708,HYHPNWYQDLRYPYMEPFEVAVDIHGSNWD,0,1,0,-3.707946600802181,0.0500000000000006,4.888971900939941,3,2
709,IGKAETTVVTVTNQRGGRRKRYVWHPGKHT,0,1,0,6.196009057007831,-8.610000000000001,11.580343055725102,3,2
710,DCHRITHSRQQEQKRLVAPARSWMATFITA,0,0,0,3.153777070045593,-6.69,10.69448299407959,3,2
711,LFLKIESQQFEQYPIHMLDLNGQSEYARDF,0,0,0,-2.8987787641506175,-0.03999999999999959,4.5018415451049805,2,2
712,WKYTMIKNEQEAQSQPNGQGTRSCVKEQQC,0,1,0,0.9105660141858867,-9.919999999999998,8.021817207336426,1,2
713,TEQTKIVTGPYWFLRESWQMMESDCIQRQR,0,1,0,-0.0475226254174449,-5.98,5.926283454895019,3,2
714,ERKPLTRTQLTIRANRKESGKISWNQEDEK,0,1,0,3.0050442728937545,-16.839999999999996,9.98558864593506,4,2
715,ATCWEVIDVEGVIKPEFKWFRLETQGSWWK,0,1,0,-1.0393713246517136,2.6500000000000004,5.006401252746582,3,2
716,DDPNRWHWMGCEPPFPDYLWYNDVYGRICR,0,1,0,-1.9899407385228276,-3.309999999999999,4.750512123107909,3,3
717,DTEFMDDTLDAVICNSQEEEEMVQTNDCHN,0,1,0,-9.979559479140647,-4.7,4.0500284194946286,2,2
718,KETGLLDGKSDVTAWMGKYINQGSTKGFYI,0,1,0,0.9898007178143822,1.4599999999999997,8.336487388610841,3,3
719,YIHSPEVAVKMKKNNHCWTNPHFVRWKYDW,0,1,0,3.2442235873731358,-3.39,9.433030128479004,3,2
720,NNFADLLDEALKECKTNKKWSIHNCKTTWG,0,1,0,0.9994068792559521,-4.959999999999999,8.020398902893067,1,2
721,WVKIMTCGSYKEYKNWCDLYCGEKKMRDYG,0,1,0,1.8626964016058394,-4.550000000000001,8.544333457946777,3,2
722,VGDCEYRMQDSTMYIGEMRSYFRYNWNYNI,0,1,0,-1.0463176299461567,-4.160000000000001,4.782682991027832,2,2
723,TGWDVEFRFWNGFIFWRSRMNILHKIMKSR,0,0,0,4.093108757547807,-1.4199999999999997,11.553846549987792,4,2
724,IDLPRPRFGNLHHLNDCYYCRRHYKPITID,0,0,0,2.2044449483844577,-6.420000000000001,8.822192192077637,4,1
725,LFVKQIKEIKMNGTERGKYFNMPYRKSIYD,0,1,0,3.9984122280811727,-5.78,9.776646614074707,4,2
726,ENNHYRNCGKRTHFSPQLHPRRWINNTFCR,0,1,0,5.205699881112306,-13.93,10.807044792175294,4,2
727,NNEGKGNEDSPADEDLNAYARNDIYTMAEG,0,1,0,-6.0060967252137,-7.080000000000004,4.0500284194946286,1,3
728,TKVNWYMLICMGSASFTMKPKTNKALKEIA,0,1,0,3.9475716188863834,2.5800000000000014,9.747829246520993,3,2
729,NPPCLGDGCEGFRWPWMGDRSDCACFAEVF,0,1,0,-3.1872603642309145,2.4500000000000006,4.10504856109619,2,4
730,SEDKCRHDYHNWWEFDNDINHNGFAKEDMI,0,1,0,-4.747483889065839,-7.700000000000002,4.675200462341309,1,1
731,TKEMGEMVIGQMGKNYPSTYMPMPIKFAPV,0,1,0,0.993503161595502,4.48,8.052697563171385,2,2
732,RRPSVGDNLGGTNTTSATAADRIVYIPMSE,0,1,0,-0.0066595981201255094,-2.0099999999999985,6.271637153625488,2,2
733,KQPAFEVPKFVYTTHYIPIRLNGHLHNC,0,1,0,2.2404121165707207,1.7100000000000002,9.113460350036618,4,2
734,WPLVNEIWWVDDTYEKRIKHGPIYRHFQQ,0,1,0,0.19655016647572454,-2.45,6.925115013122559,2,2
735,YSCPQPTCQGNHHCLQIRCCTWLWTFTTP,0,1,0,0.9656621623158195,1.7700000000000005,7.848268318176269,2,2
736,RNCWIFTYKYFKVKWWEFLSERVIQNVNQ,0,1,0,2.947649928075602,-1.4399999999999993,9.51651668548584,3,2
737,HKGPSCEYGITDNCPNNTQHLPYNCPPRF,0,1,0,0.05749988636622427,-4.140000000000001,6.892375755310059,2,2
738,NKIENRWDFLKLLWDNDDLPTLIDMNFSY,0,0,0,-3.010015950868488,-1.0400000000000005,4.171493339538574,1,3
739,RHFYTQAAQFCPPGHGVCVPNEGVCDMLQ,0,1,0,-0.9438017704720827,3.1400000000000006,5.988863182067871,3,2
